cID,rID,Classification,EC50microM,THRmicroM,Efficacy
32,1,Bitter,29.5,0.1,0.1
32,14,Bitter,29.5,3.0,0.1
36,1,Bitter,1.4,0.1,0.1
36,40,Bitter,0.4,0.1,0.1
37,10,Bitter,29.5,30.0,0.1
37,14,Bitter,29.5,10.0,0.1
38,1001,Bitter,29.5,10.0,0.1
38,1002,Bitter,29.5,10.0,0.1
38,1007,Bitter,29.5,10.0,0.1
41,1007,Bitter,29.5,100.0,0.1
46,1002,Bitter,29.5,30.0,0.1
49,1001,Bitter,29.5,300.0,0.1
49,1002,Bitter,29.5,30.0,0.1
54,1002,Bitter,29.5,10.0,0.1
54,1007,Bitter,29.5,100.0,0.1
55,1007,Bitter,29.5,300.0,0.1
56,4,Bitter,29.5,300.0,0.1
56,10,Bitter,29.5,300.0,0.1
56,46,Bitter,29.5,300.0,0.1
56,1001,Bitter,29.5,300.0,0.1
57,14,Bitter,29.5,300.0,0.1
58,14,Bitter,29.5,100.0,0.1
58,1007,Bitter,29.5,30.0,0.1
59,14,Bitter,29.5,0.1,0.1
60,4,Bitter,29.5,30.0,0.1
60,7,Bitter,29.5,10.0,0.1
60,10,Bitter,29.5,10.0,0.1
60,14,Bitter,29.5,100.0,0.1
60,38,Bitter,29.5,100.0,0.1
60,39,Bitter,29.5,100.0,0.1
60,40,Bitter,29.5,100.0,0.1
60,46,Bitter,29.5,100.0,0.1
60,1001,Bitter,29.5,10.0,0.1
60,1002,Bitter,29.5,100.0,0.1
60,1007,Bitter,29.5,100.0,0.1
61,14,Bitter,29.5,30.0,0.1
61,1001,Bitter,29.5,10.0,0.1
62,1,Bitter,29.5,100.0,0.1
62,4,Bitter,29.5,100.0,0.1
62,7,Bitter,29.5,10.0,0.1
62,10,Bitter,29.5,30.0,0.1
62,13,Bitter,29.5,30.0,0.1
62,14,Bitter,29.5,10.0,0.1
62,16,Bitter,29.5,100.0,0.1
62,38,Bitter,29.5,100.0,0.1
62,39,Bitter,29.5,100.0,0.1
62,40,Bitter,29.5,30.0,0.1
62,43,Bitter,29.5,30.0,0.1
62,44,Bitter,29.5,3.0,0.1
62,46,Bitter,29.5,30.0,0.1
62,47,Bitter,29.5,100.0,0.1
62,49,Bitter,29.5,100.0,0.1
62,1001,Bitter,29.5,10.0,0.1
62,1002,Bitter,29.5,100.0,0.1
62,1007,Bitter,29.5,100.0,0.1
63,1,Bitter,29.5,100.0,0.1
63,14,Bitter,1700.0,100.0,0.1
63,14,Bitter,29.5,2.9,0.1
63,38,Bitter,29.5,0.3,0.1
64,14,Bitter,29.5,3000.0,0.1
65,14,Bitter,29.5,0.01,0.1
66,10,Bitter,29.5,30.0,0.1
66,14,Bitter,29.5,30.0,0.1
69,1001,Bitter,29.5,100.0,0.1
69,1002,Bitter,29.5,1000.0,0.1
69,1007,Bitter,29.5,300.0,0.1
70,1002,Bitter,29.5,300.0,0.1
70,1007,Bitter,29.5,300.0,0.1
71,1,Bitter,29.5,30.0,0.1
71,4,Bitter,29.5,300.0,0.1
71,39,Bitter,29.5,300.0,0.1
71,43,Bitter,29.5,30.0,0.1
71,46,Bitter,29.5,10.0,0.1
71,47,Bitter,29.5,3.0,0.1
71,50,Bitter,29.5,100.0,0.1
71,1007,Bitter,29.5,100.0,0.1
72,1,Bitter,29.5,0.1,0.1
72,40,Bitter,29.5,0.03,0.1
73,1,Bitter,3.3,0.03,0.1
73,40,Bitter,2.6,0.003,0.1
74,1,Bitter,29.5,0.1,0.1
74,40,Bitter,29.5,0.03,0.1
75,1,Bitter,29.5,3.0,0.1
75,14,Bitter,29.5,3.0,0.1
75,40,Bitter,29.5,10.0,0.1
76,1,Bitter,29.5,1.0,0.1
76,14,Bitter,29.5,3.0,0.1
76,40,Bitter,29.5,3.0,0.1
77,1,Bitter,29.5,10.0,0.1
77,10,Bitter,29.5,10.0,0.1
78,1,Bitter,29.5,3000.0,0.1
78,38,Bitter,29.5,1000.0,0.1
79,1,Bitter,9.0,0.3,0.1
79,14,Bitter,11.2,1.0,0.1
80,1,Bitter,10.6,1.0,0.1
80,14,Bitter,14.5,1.0,0.1
81,1,Bitter,2.2,1.0,0.1
81,14,Bitter,4.1,3.0,0.1
82,1,Bitter,7.4,1.0,0.1
82,14,Bitter,9.4,1.0,0.1
83,1,Bitter,3.3,0.3,0.1
83,14,Bitter,2.6,0.3,0.1
84,1,Bitter,2.5,0.3,0.1
84,14,Bitter,2.8,1.0,0.1
85,1,Bitter,6.7,0.3,0.1
85,14,Bitter,9.0,1.0,0.1
86,1,Bitter,29.5,30000.0,0.1
86,38,Bitter,29.5,30000.0,0.1
87,3,Bitter,29.5,10.0,0.1
87,10,Bitter,29.5,10000.0,0.1
87,14,Bitter,29.5,10.0,0.1
87,39,Bitter,29.5,100.0,0.1
87,1001,Bitter,29.5,1000.0,0.1
88,14,Bitter,1.5,0.3,0.1
89,1001,Bitter,29.5,1000.0,0.1
89,1007,Bitter,29.5,300.0,0.1
90,1007,Bitter,29.5,300.0,0.1
91,10,Bitter,29.5,100.0,0.1
92,1007,Bitter,29.5,300.0,0.1
93,4,Bitter,29.5,100.0,0.1
93,10,Bitter,29.5,100.0,0.1
93,40,Bitter,29.5,30.0,0.1
94,4,Bitter,29.5,300.0,0.1
94,8,Bitter,29.5,1000.0,0.1
94,10,Bitter,120.0,3.0,0.1
94,13,Bitter,29.5,30.0,0.1
94,39,Bitter,29.5,100.0,0.1
94,43,Bitter,29.5,300.0,0.1
94,46,Bitter,240.0,30.0,0.1
94,47,Bitter,0.27,0.03,0.1
95,5,Bitter,29.5,100.0,0.1
96,7,Bitter,29.5,3000.0,0.1
96,43,Bitter,29.5,3000.0,0.1
96,49,Bitter,29.5,10.0,0.1
98,10,Bitter,29.5,100.0,0.1
98,1007,Bitter,29.5,1000.0,0.1
99,1007,Bitter,29.5,300.0,0.1
101,10,Bitter,29.5,300.0,0.1
101,44,Bitter,29.5,300.0,0.1
103,16,Bitter,5800.0,700.0,0.1
103,16,Bitter,1340.0,700.0,0.1
107,38,Bitter,25.0,3.0,0.1
109,38,Bitter,29.5,10000.0,0.1
110,38,Bitter,29.5,10.0,0.1
112,38,Bitter,29.5,30.0,0.1
113,38,Bitter,29.5,10.0,0.1
115,38,Bitter,29.5,30.0,0.1
323,38,Bitter,29.5,30.0,0.1
117,38,Bitter,29.5,100.0,0.1
119,38,Bitter,29.5,0.04,0.1
120,38,Bitter,29.5,0.11,0.1
123,43,Bitter,29.5,0.3,0.1
123,44,Bitter,29.5,30.0,0.1
125,43,Bitter,29.5,280.0,0.1
125,44,Bitter,29.5,140.0,0.1
126,1007,Bitter,29.5,100.0,0.1
129,46,Bitter,29.5,3.0,0.1
130,46,Bitter,29.5,30.0,0.1
224,1007,Bitter,29.5,300.0,0.1
461,16,Bitter,220.0,100.0,0.1
645,16,Bitter,380.0,100.0,0.1
650,1001,Bitter,29.5,30.0,0.1
674,9,Bitter,200.0,100.0,0.1
675,9,Bitter,2800.0,100.0,0.1
676,9,Bitter,1800.0,100.0,0.1
738,4,Bitter,29.5,300.0,0.1
738,10,Bitter,29.5,300.0,0.1
738,14,Bitter,29.5,3.0,0.1
738,47,Bitter,29.5,300.0,0.1
802,14,Bitter,47.2,8.0,0.1
802,39,Bitter,55.8,32.0,0.1
808,39,Bitter,181.6,100.0,0.1
813,39,Bitter,417.1,100.0,0.1
814,39,Bitter,395.5,100.0,0.1
815,39,Bitter,88.2,100.0,0.1
835,1,Bitter,29.5,57500.0,0.1
836,1,Bitter,7200.0,100.0,0.1
837,39,Bitter,29.5,10000.0,0.1
838,1,Bitter,370.0,100.0,0.1
860,39,Bitter,29.5,16.0,0.1
911,14,Bitter,29.5,63.0,0.1
911,39,Bitter,29.5,32.0,0.1
926,14,Bitter,29.5,300.0,0.1
927,7,Bitter,29.5,250.0,0.1
927,14,Bitter,29.5,250.0,0.1
929,14,Bitter,36.0,3.0,0.1
930,14,Bitter,29.5,30.0,0.1
931,14,Bitter,29.5,30.0,0.1
932,14,Bitter,29.5,100.0,0.1
933,14,Bitter,29.5,100.0,0.1
933,46,Bitter,45.6,10.0,0.1
946,2105,bitter,14.0,170.0,0.1
946,2120,bitter,20.0,80.0,0.0
946,2119,bitter,29.5,120.0,0.1
947,2105,bitter,590.0,1060.0,1.0
947,2140,bitter,250.0,100.0,0.1
947,2123,bitter,29.5,290.0,0.2
947,2135,bitter,29.5,370.0,0.3
947,2144,bitter,29.5,190.0,0.1
947,5,bitter,29.5,100.0,0.1
947,39,bitter,29.5,100.0,0.1
947,40,bitter,29.5,100.0,0.1
947,43,bitter,29.5,100.0,0.1
949,2105,bitter,485.0,570.0,0.5
949,10,bitter,29.5,100.0,0.1
950,10,bitter,29.5,100.0,0.1
950,2105,bitter,29.5,570.0,0.5
950,14,bitter,29.5,100.0,0.1
951,2105,bitter,29.5,290.0,0.2
952,2105,bitter,29.5,210.0,0.2
953,2114,bitter,2.4,50.0,0.0
953,2110,bitter,29.5,150.0,0.1
954,2135,bitter,22.3,200.0,0.2
956,2117,bitter,4900.0,220.0,0.2
956,2105,bitter,29.5,130.0,0.1
956,2109,bitter,29.5,60.0,0.0
956,2115,bitter,29.5,560.0,0.5
956,2123,bitter,29.5,70.0,0.0
956,2139,bitter,29.5,130.0,0.1
956,2144,bitter,29.5,100.0,0.1
956,1,bitter,29.5,100.0,0.1
956,4,bitter,29.5,100.0,0.1
956,5,bitter,29.5,100.0,0.1
956,7,bitter,29.5,100.0,0.1
956,8,bitter,29.5,100.0,0.1
956,10,bitter,29.5,100.0,0.1
956,39,bitter,29.5,100.0,0.1
956,41,bitter,29.5,100.0,0.1
956,46,bitter,29.5,100.0,0.1
957,14,bitter,29.5,100.0,0.1
957,2105,bitter,29.5,160.0,0.1
957,2121,bitter,29.5,100.0,0.1
958,2121,bitter,29.5,80.0,0.0
958,2135,bitter,29.5,50.0,0.0
958,2138,bitter,29.5,110.0,0.1
959,2105,bitter,29.5,270.0,0.2
958,14,bitter,29.5,100.0,0.1
958,38,bitter,29.5,100.0,0.1
963,46,bitter,29.5,100.0,0.1
964,1,bitter,29.5,100.0,0.1
969,14,bitter,29.5,100.0,0.1
969,2105,bitter,29.5,570.0,0.5
970,2144,bitter,29.5,110.0,0.1
972,46,bitter,29.5,1000.0,0.1
972,2105,bitter,29.5,100.0,0.1
972,2144,bitter,29.5,60.0,0.0
973,2105,bitter,29.5,60.0,0.0
973,2113,bitter,29.5,400.0,0.4
974,2105,bitter,29.5,50.0,0.0
975,2109,bitter,29.5,70.0,0.0
975,2110,bitter,29.5,130.0,0.1
975,2123,bitter,29.5,120.0,0.1
977,2117,bitter,29.5,140.0,0.1
977,2123,bitter,29.5,80.0,0.0
977,2144,bitter,29.5,150.0,0.1
1187,46,bitter,29.5,3.0,0.1
1195,46,bitter,29.5,100.0,0.1
976,46,bitter,29.5,30.0,0.1
976,2105,bitter,29.5,90.0,0.1
1198,46,bitter,29.5,100.0,0.1
131,46,bitter,29.5,100.0,0.1
1250,7,bitter,12.6,6.0,0.1
1250,7,bitter,12.6,6.0,0.1
1286,16,bitter,1000.0,400.0,0.1
1287,16,bitter,29.5,15000.0,0.1
1290,16,bitter,29.5,1500.0,0.1
56,39,Bitter,29.5,1000.0,0.1
58,46,Bitter,29.5,10.0,0.1
61,40,Bitter,29.5,30.0,0.1
840,44,Bitter,29.5,100.0,0.1
840,38,Bitter,29.5,100.0,0.1
89,46,Bitter,70.0,30.0,0.1
100,46,Bitter,0.43,100.0,0.1
463,46,Bitter,3.0,100.0,0.1
747,46,Bitter,10.0,100.0,0.1
931,46,Bitter,30.0,100.0,0.1
36,2105,Bitter,29.5,1.0,0.1
38,2105,Bitter,29.5,10.0,0.1
38,2138,Bitter,29.5,10.0,0.1
38,2115,Bitter,29.5,3.0,0.1
38,2126,Bitter,29.5,10.0,0.1
38,2137,Bitter,29.5,10.0,0.1
38,2140,Bitter,6.0,3.0,0.1
38,2144,Bitter,29.5,10.0,0.1
41,2110,Bitter,29.5,30.0,0.1
41,2123,Bitter,29.5,100.0,0.1
41,2140,Bitter,29.5,100.0,0.1
42,2110,Bitter,29.5,30.0,0.1
42,2119,Bitter,27.0,10.0,0.1
42,2121,Bitter,34.0,10.0,0.1
43,2105,Bitter,29.5,100.0,0.1
43,2110,Bitter,29.5,30.0,0.1
43,2119,Bitter,29.5,100.0,0.1
45,2105,Bitter,29.5,30.0,0.1
45,2108,Bitter,29.5,100.0,0.1
45,2109,Bitter,29.5,100.0,0.1
46,2121,Bitter,60.0,10.0,0.1
49,2105,Bitter,29.5,300.0,0.1
50,2105,Bitter,29.5,30.0,0.1
50,2114,Bitter,29.5,3.0,0.1
51,2105,Bitter,29.5,10.0,0.1
53,2144,Bitter,29.5,10.0,0.1
54,2105,Bitter,29.5,100.0,0.1
55,2105,Bitter,29.5,300.0,0.1
56,2121,Bitter,29.5,300.0,0.1
58,2105,Bitter,11.0,3.0,0.1
60,2108,Bitter,29.5,100.0,0.1
60,2140,Bitter,29.5,30.0,0.1
60,2144,Bitter,29.5,100.0,0.1
62,2105,Bitter,29.5,10.0,0.1
62,2108,Bitter,29.5,100.0,0.1
62,2110,Bitter,29.5,100.0,0.1
62,2123,Bitter,29.5,10.0,0.1
62,2137,Bitter,29.5,100.0,0.1
62,2144,Bitter,29.5,100.0,0.1
66,2110,Bitter,1.2,1.0,0.1
66,2144,Bitter,29.5,30.0,0.1
67,2105,Bitter,29.5,3.0,0.1
67,2121,Bitter,29.5,10.0,0.1
67,2135,Bitter,140.0,0.03,0.1
69,2105,Bitter,29.5,30.0,0.1
69,2119,Bitter,29.5,300.0,0.1
70,2105,Bitter,29.5,300.0,0.1
70,2108,Bitter,29.5,300.0,0.1
70,2123,Bitter,29.5,100.0,0.1
70,2138,Bitter,29.5,300.0,0.1
70,2144,Bitter,29.5,300.0,0.1
71,2105,Bitter,4.0,0.3,0.1
71,2108,Bitter,29.5,1000.0,0.1
71,2123,Bitter,160.0,300.0,0.1
71,2144,Bitter,29.5,1000.0,0.1
87,2115,Bitter,29.5,100.0,0.1
89,2105,Bitter,310.0,300.0,0.1
89,2114,Bitter,29.5,3000.0,0.1
90,2105,Bitter,200.0,30.0,0.1
90,2119,Bitter,80.0,30.0,0.1
91,2117,Bitter,3.0,1.0,0.1
92,2109,Bitter,29.5,3000.0,0.1
92,2126,Bitter,29.5,3000.0,0.1
92,2144,Bitter,29.5,3000.0,0.1
94,2105,Bitter,29.5,100.0,0.1
94,2123,Bitter,439.0,300.0,0.1
94,2135,Bitter,29.5,100.0,0.1
94,2140,Bitter,270.0,300.0,0.1
94,2144,Bitter,29.5,3000.0,0.1
95,2105,Bitter,29.5,1000.0,0.1
95,2121,Bitter,29.5,1000.0,0.1
95,2122,Bitter,29.5,1000.0,0.1
95,2135,Bitter,29.5,1000.0,0.1
95,2144,Bitter,29.5,1000.0,0.1
97,2105,Bitter,13.0,10.0,0.1
97,2114,Bitter,4.2,30.0,0.1
98,2105,Bitter,0.3,10.0,0.1
99,2123,Bitter,29.5,300.0,0.1
100,2117,Bitter,29.5,10.0,0.1
100,2140,Bitter,29.5,10.0,0.1
101,2121,Bitter,50.0,30.0,0.1
103,2126,Bitter,29.5,30000.0,0.1
104,2126,Bitter,29.5,10000.0,0.1
106,2105,Bitter,29.5,1000.0,0.1
108,2135,Bitter,29.5,300.0,0.1
111,2121,Bitter,29.5,3000.0,0.1
111,2144,Bitter,29.5,3000.0,0.1
120,2105,Bitter,29.5,300.0,0.1
120,2108,Bitter,29.5,1000.0,0.1
120,2120,Bitter,29.5,300.0,0.1
120,2121,Bitter,29.5,300.0,0.1
120,2135,Bitter,29.5,300.0,0.1
120,2137,Bitter,29.5,1000.0,0.1
122,2135,Bitter,380.0,300.0,0.1
125,2105,Bitter,29.5,1000.0,0.1
125,2109,Bitter,29.5,3000.0,0.1
125,2135,Bitter,189.0,100.0,0.1
125,2144,Bitter,29.5,10000.0,0.1
127,2117,Bitter,29.5,100.0,0.1
130,2105,Bitter,29.5,30.0,0.1
130,2140,Bitter,2.0,3.0,0.1
130,2144,Bitter,29.5,30.0,0.1
159,2105,Bitter,29.5,2000.0,0.1
315,2105,Bitter,29.5,10.0,0.1
315,2119,Bitter,29.5,100.0,0.1
315,2120,Bitter,29.5,30.0,0.1
315,2121,Bitter,29.5,100.0,0.1
315,2135,Bitter,29.5,100.0,0.1
461,2126,Bitter,29.5,10000.0,0.1
465,2105,Bitter,29.5,300.0,0.1
465,2114,Bitter,29.5,1000.0,0.1
482,46,Bitter,29.5,300.0,0.1
482,2117,Bitter,36.0,3000.0,0.1
514,2121,Bitter,170.0,30.0,0.1
645,2119,Bitter,29.5,10000.0,0.1
645,2125,Bitter,29.5,3000.0,0.1
645,2126,Bitter,29.5,10000.0,0.1
654,2108,Bitter,29.5,30.0,0.1
654,2140,Bitter,29.5,30.0,0.1
672,2105,Bitter,29.5,30.0,0.1
672,2125,Bitter,29.5,10.0,0.1
689,2121,Bitter,29.5,1000.0,0.1
738,2119,Bitter,29.5,1000.0,0.1
738,2137,Bitter,29.5,1000.0,0.1
738,2144,Bitter,29.5,1000.0,0.1
749,2121,Bitter,29.5,100.0,0.1
800,2105,Bitter,29.5,10.0,0.1
800,2125,Bitter,29.5,10.0,0.1
813,2105,Bitter,29.5,1000.0,0.1
813,2114,Bitter,29.5,1000.0,0.1
813,2121,Bitter,29.5,1000.0,0.1
813,2126,Bitter,29.5,1000.0,0.1
813,2144,Bitter,29.5,1000.0,0.1
815,2144,Bitter,29.5,100.0,0.1
923,2117,Bitter,29.5,10.0,0.1
923,2140,Bitter,29.5,10.0,0.1
931,2105,Bitter,29.5,3000.0,0.1
931,2114,Bitter,29.5,1000.0,0.1
931,2120,Bitter,29.5,1000.0,0.1
931,2121,Bitter,29.5,1000.0,0.1
931,2135,Bitter,29.5,1000.0,0.1
87,3,Bitter,172.0,100.0,0.1
92,4,Bitter,1025.0,100.0,0.1
96,7,Bitter,4500.0,100.0,0.1
96,49,Bitter,45.0,100.0,0.1
100,10,Bitter,21.8,100.0,0.1
125,44,Bitter,170.0,100.0,0.1
810,14,Bitter,63.0,100.0,0.1
811,14,Bitter,14.0,100.0,0.1
810,14,Bitter,0.33,100.0,0.1
810,46,Bitter,4.53,100.0,0.1
811,14,Bitter,2.41,100.0,0.1
221,16,Bitter,3840.0,100.0,0.1
44,14,Bitter,1.9,100.0,0.1
62,1002,Bitter,65.7,100.0,0.1
77,1001,Bitter,2.81,100.0,0.1
813,4,Bitter,30151.0,2000.0,0.1
813,5,Bitter,3800.0,1000.0,0.1
813,39,Bitter,3210.0,1000.0,0.1
7,1001,Bitter,29.5,0.3,0.1
14,1001,Bitter,29.5,0.3,0.1
567,1002,Bitter,29.5,10.0,0.1
94,3043,Bitter,217.0,100.0,0.1
119,3038,Bitter,47.0,100.0,0.1
123,3043,Bitter,346.0,100.0,0.1
567,1001,Bitter,29.5,10.0,0.1
60,3002,Bitter,29.5,100.0,0.1
60,3046,Bitter,29.5,100.0,0.1
62,3002,Bitter,29.5,100.0,0.1
62,3038,Bitter,29.5,100.0,0.1
62,3046,Bitter,29.5,100.0,0.1
62,3067,Bitter,29.5,100.0,0.1
95,3002,Bitter,29.5,100.0,0.1
95,3004,Bitter,29.5,100.0,0.1
95,3012,Bitter,29.5,100.0,0.1
95,3046,Bitter,29.5,100.0,0.1
802,14,Bitter,47.2,8.0,0.1
802,39,Bitter,55.8,32.0,0.1
802,14,Bitter,47.2,8.0,0.1
802,39,Bitter,55.8,32.0,0.1
1208,46,Bitter,29.5,30.0,0.1
2367,14,Bitter,0.15,100.0,0.1
2227,3081,Bitter,346.0,100.0,0.1
2227,3043,Bitter,346.0,300.0,0.1
2227,43,Bitter,35.0,300.0,0.1
2227,43,Bitter,3.2,0.3,0.1
2227,44,Bitter,29.5,30.0,0.1
2362,14,Bitter,0.23,100.0,0.1
1384,4,Bitter,29.5,100.0,0.1
894,14,Bitter,29.5,10.0,0.1
894,14,Bitter,29.5,16.0,0.1
894,39,Bitter,29.5,8.0,0.1
894,14,Bitter,29.5,16.0,0.1
894,39,Bitter,29.5,8.0,0.1
2287,14,Bitter,29.5,10.0,0.1
1624,14,Bitter,29.5,200.0,0.1
52,3095,Bitter,29.5,10.0,0.1
52,14,Bitter,29.5,10.0,0.1
1190,46,Bitter,29.5,0.3,0.1
2391,14,Bitter,29.5,100.0,0.1
2343,38,Bitter,11000.0,100.0,0.1
2458,39,Bitter,29.5,100.0,0.1
2350,14,Bitter,0.19,100.0,0.1
877,39,Bitter,29.5,250.0,0.1
877,39,Bitter,29.5,250.0,0.1
928,14,Bitter,29.5,250.0,0.1
928,7,Bitter,29.5,250.0,0.1
2331,46,Bitter,29.5,100.0,0.1
2231,3002,Bitter,29.5,100.0,0.1
2231,3038,Bitter,29.5,100.0,0.1
2231,3046,Bitter,29.5,100.0,0.1
2231,3067,Bitter,29.5,100.0,0.1
2231,3204,Bitter,29.5,100.0,0.1
2359,14,Bitter,0.39,100.0,0.1
467,14,Bitter,51.12,10.0,0.1
901,14,Bitter,29.5,16.0,0.1
901,39,Bitter,29.5,125.0,0.1
901,14,Bitter,29.5,16.0,0.1
901,14,Bitter,29.5,0.3,0.1
901,39,Bitter,29.5,125.0,0.1
2580,4,Bitter,29.5,100.0,0.1
956,3071,Bitter,29.5,1230.0,0.1
956,3072,Bitter,42910.0,33330.0,0.1
1319,7,Bitter,29.5,100.0,0.1
44,14,Bitter,1.9,0.1,0.1
44,14,Bitter,1.9,0.1,0.1
44,14,Bitter,29.5,0.3,0.1
44,40,Bitter,29.5,100.0,0.1
44,41,Bitter,29.5,100.0,0.1
44,43,Bitter,0.082,1100.0,0.1
44,43,Bitter,0.082,1100.0,0.1
44,43,Bitter,29.5,30.0,0.1
44,44,Bitter,0.461,0.025,0.1
44,44,Bitter,0.461,0.025,0.1
44,44,Bitter,29.5,30.0,0.1
1712,14,Bitter,29.5,3.0,0.1
2365,14,Bitter,0.18,100.0,0.1
1709,14,Bitter,29.5,3.0,0.1
1224,10,Bitter,2.8,100.0,0.1
2392,14,Bitter,29.5,30.0,0.1
104,16,Bitter,2700.0,400.0,0.1
104,43,Bitter,29.5,1000.0,0.1
104,3102,Bitter,29.5,10000.0,0.1
104,3191,Bitter,880.0,100.0,0.1
104,3190,Bitter,818.0,100.0,0.1
104,3105,Bitter,29.5,10000.0,0.1
104,16,Bitter,826.0,100.0,0.1
104,16,Bitter,29.5,10000.0,0.1
104,16,Bitter,2300.0,300.0,0.1
104,3103,Bitter,29.5,10000.0,0.1
104,3135,Bitter,29.5,10000.0,0.1
104,3129,Bitter,29.5,10000.0,0.1
104,3107,Bitter,29.5,10000.0,0.1
104,3183,Bitter,3394.0,100.0,0.1
104,3182,Bitter,1631.0,100.0,0.1
104,3193,Bitter,2037.99,100.0,0.1
104,3095,Bitter,29.5,10000.0,0.1
104,3097,Bitter,29.5,10000.0,0.1
104,3108,Bitter,29.5,10000.0,0.1
104,3188,Bitter,3961.0,100.0,0.1
104,3185,Bitter,3537.0,100.0,0.1
104,3189,Bitter,497.0,100.0,0.1
104,3200,Bitter,29.5,10000.0,0.1
2276,1,Bitter,29.5,100.0,0.1
2276,14,Bitter,29.5,300.0,0.1
2276,39,Bitter,29.5,300.0,0.1
2276,4,Bitter,29.5,30.0,0.1
2276,2105,Bitter,29.5,300.0,0.1
2276,2108,Bitter,29.5,100.0,0.1
2276,2117,Bitter,20.6,10.0,0.1
2276,2123,Bitter,29.5,10.0,0.1
2276,2126,Bitter,29.5,100.0,0.1
2276,2144,Bitter,29.5,100.0,0.1
1662,14,Bitter,1.4,100.0,0.1
103,3102,Bitter,29.5,10000.0,0.1
103,3105,Bitter,29.5,10000.0,0.1
103,16,Bitter,29.5,10000.0,0.1
103,16,Bitter,5800.0,500.0,0.1
103,3103,Bitter,29.5,10000.0,0.1
103,3135,Bitter,29.5,30000.0,0.1
103,3194,Bitter,3100.0,100.0,0.1
103,3194,Bitter,2300.0,2500.0,0.1
103,3107,Bitter,29.5,10000.0,0.1
103,3095,Bitter,29.5,10000.0,0.1
103,3108,Bitter,29.5,10000.0,0.1
103,3139,Bitter,29.5,30000.0,0.1
103,3200,Bitter,29.5,30000.0,0.1
103,3184,Bitter,29.5,100.0,0.1
903,14,Bitter,24.5,8.0,0.1
903,14,Bitter,24.5,8.0,0.1
903,39,Bitter,53.6,8.0,0.1
903,39,Bitter,53.6,8.0,0.1
903,14,Bitter,29.5,10.0,0.1
70,3148,Bitter,29.5,150.0,0.1
70,3152,Bitter,29.5,150.0,0.1
70,3157,Bitter,29.5,100.0,0.1
70,3097,Bitter,29.5,300.0,0.1
70,3100,Bitter,29.5,300.0,0.1
70,1,Bitter,29.5,300.0,0.1
70,10,Bitter,29.5,300.0,0.1
70,38,Bitter,29.5,300.0,0.1
70,4,Bitter,29.5,300.0,0.1
70,46,Bitter,29.5,300.0,0.1
2353,14,Bitter,29.5,100.0,0.1
2202,3087,Bitter,29.5,100.0,0.1
2202,3088,Bitter,29.5,100.0,0.1
2202,46,Bitter,3.0,3.0,0.1
921,14,Bitter,124.0,63.0,0.1
921,14,Bitter,124.0,63.0,0.1
921,14,Bitter,124.0,63.0,0.1
921,39,Bitter,184.0,63.0,0.1
921,39,Bitter,184.0,63.0,0.1
921,39,Bitter,184.0,63.0,0.1
126,3121,Bitter,182.0,333.0,0.1
126,3122,Bitter,335.0,333.0,0.1
126,3125,Bitter,29.5,333.0,0.1
126,3126,Bitter,29.5,333.0,0.1
126,3002,Bitter,29.5,300.0,0.1
126,3046,Bitter,29.5,300.0,0.1
126,50,Bitter,29.5,1000.0,0.1
126,8,Bitter,110.0,100.0,0.1
126,3114,Bitter,29.5,300.0,0.1
126,3157,Bitter,29.5,100.0,0.1
126,3146,Bitter,29.5,100.0,0.1
126,3147,Bitter,29.5,100.0,0.1
126,44,Bitter,20.0,100.0,0.1
126,46,Bitter,20.0,3.0,0.1
126,47,Bitter,29.5,30.0,0.1
126,50,Bitter,27.8,10.0,0.1
2402,3071,Bitter,4760.0,310.0,0.1
2402,3079,Bitter,29.5,11110.0,0.1
2402,3072,Bitter,29.5,3700.0,0.1
828,1,Bitter,29.5,3000.0,0.1
828,1,Bitter,29.5,3000.0,0.1
828,39,Bitter,29.5,3000.0,0.1
828,39,Bitter,29.5,3000.0,0.1
828,4,Bitter,29.5,3000.0,0.1
828,4,Bitter,29.5,3000.0,0.1
1352,5,Bitter,2.05,100.0,0.1
2388,14,Bitter,29.5,30.0,0.1
1200,46,Bitter,29.5,10.0,0.1
890,14,Bitter,29.5,8.0,0.1
890,14,Bitter,29.5,8.0,0.1
890,39,Bitter,29.5,2.0,0.1
890,39,Bitter,29.5,2.0,0.1
939,14,Bitter,29.5,33.0,0.1
1672,14,Bitter,65.0,100.0,0.1
1683,14,Bitter,5.3,100.0,0.1
1240,14,Bitter,29.5,50.0,0.1
1240,4,Bitter,29.5,200.0,0.1
42,1,Bitter,100.0,100.0,0.1
42,10,Bitter,29.5,100.0,0.1
42,14,Bitter,29.5,100.0,0.1
42,4,Bitter,29.5,30.0,0.1
42,43,Bitter,29.5,100.0,0.1
42,46,Bitter,29.5,3.0,0.1
1332,46,Bitter,29.5,300.0,0.1
957,16,Bitter,29.5,100.0,0.1
957,38,Bitter,29.5,100.0,0.1
957,4,Bitter,29.5,100.0,0.1
1669,14,Bitter,1.1,100.0,0.1
1716,14,Bitter,29.5,0.3,0.1
2381,14,Bitter,6.8,100.0,0.1
840,3068,Bitter,29.5,41.0,0.1
840,3069,Bitter,280.0,160.0,0.1
840,3071,Bitter,1120.0,310.0,0.1
1685,14,Bitter,12.0,100.0,0.1
144,14,Bitter,29.5,2.0,0.1
2401,3071,Bitter,4350.0,410.0,0.1
2223,14,Bitter,29.5,250.0,0.1
2223,39,Bitter,29.5,32.0,0.1
2581,4,Bitter,29.5,100.0,0.1
2221,14,Bitter,29.5,250.0,0.1
2221,39,Bitter,187.0,32.0,0.1
2221,39,Bitter,187.0,100.0,0.1
2200,1,Bitter,29.5,100.0,0.1
2200,39,Bitter,29.5,100.0,0.1
752,1,Bitter,29.5,53300.0,0.1
752,39,Bitter,29.5,100.0,0.1
752,4,Bitter,29.5,100.0,0.1
752,8,Bitter,29.5,100.0,0.1
752,1,Bitter,1200.0,53300.0,0.1
752,1,Bitter,1200.0,53300.0,0.1
752,1,Bitter,1200.0,53300.0,0.1
904,14,Bitter,40.7,32.0,0.1
904,39,Bitter,55.5,16.0,0.1
904,14,Bitter,40.7,32.0,0.1
904,39,Bitter,55.5,16.0,0.1
1719,14,Bitter,29.5,0.3,0.1
2291,14,Bitter,29.5,100.0,0.1
2340,38,Bitter,60000.0,100.0,0.1
16,3088,Bitter,29.5,100000.0,0.1
16,7,Bitter,14900.0,10000.0,0.1
125,43,Bitter,4.5,6700.0,0.1
125,3157,Bitter,29.5,100.0,0.1
125,3098,Bitter,29.5,10000.0,0.1
1718,14,Bitter,29.5,3.0,0.1
900,14,Bitter,29.5,63.0,0.1
900,39,Bitter,29.5,125.0,0.1
900,14,Bitter,29.5,63.0,0.1
900,39,Bitter,29.5,125.0,0.1
1722,14,Bitter,29.5,3.0,0.1
1349,5,Bitter,29.5,100.0,0.1
1766,3148,Bitter,29.5,100.0,0.1
1766,3156,Bitter,29.5,100.0,0.1
1766,3002,Bitter,29.5,100.0,0.1
1766,3046,Bitter,29.5,100.0,0.1
1749,14,Bitter,29.5,10.0,0.1
2590,1,Bitter,29.5,30.0,0.1
2590,39,Bitter,29.5,300.0,0.1
2590,4,Bitter,29.5,300.0,0.1
2590,43,Bitter,75.0,30.0,0.1
2590,46,Bitter,65.0,10.0,0.1
2590,47,Bitter,29.5,3.0,0.1
2590,50,Bitter,29.5,100.0,0.1
71,3121,Bitter,29.5,1000.0,0.1
71,3123,Bitter,29.5,1000.0,0.1
71,3140,Bitter,29.5,1000.0,0.1
71,3141,Bitter,29.5,1000.0,0.1
71,3119,Bitter,29.5,1000.0,0.1
71,3157,Bitter,29.5,100.0,0.1
71,3139,Bitter,29.5,1000.0,0.1
71,3142,Bitter,29.5,1000.0,0.1
71,3144,Bitter,29.5,900.0,0.1
1676,14,Bitter,0.46,100.0,0.1
942,14,Bitter,29.5,25.0,0.1
1708,14,Bitter,29.5,1.0,0.1
922,14,Bitter,264.0,250.0,0.1
922,14,Bitter,29.5,250.0,0.1
922,14,Bitter,29.5,250.0,0.1
922,39,Bitter,29.5,250.0,0.1
922,39,Bitter,29.5,250.0,0.1
922,39,Bitter,29.5,250.0,0.1
966,7,Bitter,29.5,3000.0,0.1
1692,14,Bitter,29.5,3.0,0.1
1612,1,Bitter,141.6,200.0,0.1
1612,14,Bitter,29.5,200.0,0.1
1612,46,Bitter,29.5,200.0,0.1
1612,8,Bitter,57.3,200.0,0.1
1226,10,Bitter,12.0,100.0,0.1
1226,14,Bitter,11.1,100.0,0.1
1340,3068,Bitter,29.5,1250.0,0.1
1340,3069,Bitter,29.5,1100.0,0.1
1340,3072,Bitter,29.5,1250.0,0.1
1340,3119,Bitter,29.5,1000.0,0.1
1340,3012,Bitter,29.5,1000.0,0.1
1340,3002,Bitter,29.5,1000.0,0.1
1340,3004,Bitter,29.5,1000.0,0.1
1340,3046,Bitter,29.5,1000.0,0.1
1340,5,Bitter,29.7,100.0,0.1
1340,5,Bitter,29.5,1000.0,0.1
1340,3201,Bitter,29.5,1000.0,0.1
181,14,Bitter,29.5,0.5,0.1
834,1,Bitter,29.5,2500.0,0.1
1354,5,Bitter,4.6,100.0,0.1
1671,14,Bitter,0.42,100.0,0.1
1658,14,Bitter,0.43,100.0,0.1
1715,14,Bitter,29.5,3.0,0.1
1339,3140,Bitter,29.5,3000.0,0.1
1339,3119,Bitter,29.5,3000.0,0.1
1339,3139,Bitter,29.5,3000.0,0.1
833,4,Bitter,29.5,3000.0,0.1
833,4,Bitter,29.5,3000.0,0.1
1786,43,Bitter,3.9,0.3,0.1
1786,46,Bitter,7.8,9.0,0.1
138,14,Bitter,720.0,100.0,0.1
520,2,Bitter,29.5,1000.0,0.1
902,14,Bitter,29.5,32.0,0.1
902,14,Bitter,29.5,32.0,0.1
1647,14,Bitter,0.31,100.0,0.1
73,1,Bitter,0.2,0.002083,0.1
73,1,Bitter,0.2,0.03,0.1
73,40,Bitter,0.0028,0.003,0.1
73,40,Bitter,0.04,0.003,0.1
73,47,Bitter,29.5,100.0,0.1
1236,14,Bitter,29.5,1000.0,0.1
1236,4,Bitter,29.5,200.0,0.1
2189,14,Bitter,29.5,100.0,0.1
2396,3068,Bitter,29.5,1390.0,0.1
1344,3219,Bitter,29.5,100.0,0.1
1344,3148,Bitter,29.5,1000.0,0.1
1344,3149,Bitter,29.5,1000.0,0.1
1344,3150,Bitter,29.5,1000.0,0.1
1344,3151,Bitter,29.5,1000.0,0.1
1344,3156,Bitter,29.5,1000.0,0.1
1344,3153,Bitter,29.5,1000.0,0.1
1344,3154,Bitter,29.5,1000.0,0.1
1344,3155,Bitter,29.5,1000.0,0.1
1344,10,Bitter,29.5,300.0,0.1
1344,14,Bitter,29.5,3.0,0.1
1344,4,Bitter,29.5,300.0,0.1
1344,47,Bitter,29.5,300.0,0.1
1344,3135,Bitter,29.5,1000.0,0.1
1344,3138,Bitter,29.5,1000.0,0.1
1344,3134,Bitter,29.5,1000.0,0.1
1344,3094,Bitter,29.5,1000.0,0.1
1344,3095,Bitter,29.5,1000.0,0.1
1344,3098,Bitter,29.5,1000.0,0.1
1344,3201,Bitter,29.5,1000.0,0.1
1344,3146,Bitter,29.5,100.0,0.1
1344,3147,Bitter,29.5,100.0,0.1
1661,14,Bitter,1.2,100.0,0.1
906,14,Bitter,29.5,16.0,0.1
906,39,Bitter,29.5,16.0,0.1
906,14,Bitter,29.5,16.0,0.1
906,39,Bitter,29.5,16.0,0.1
912,39,Bitter,29.5,125.0,0.1
1253,4,Bitter,29.5,3000.0,0.1
916,14,Bitter,29.5,500.0,0.1
916,14,Bitter,29.5,500.0,0.1
916,14,Bitter,29.5,500.0,0.1
916,39,Bitter,29.5,500.0,0.1
916,39,Bitter,29.5,500.0,0.1
916,39,Bitter,29.5,500.0,0.1
2355,14,Bitter,29.5,100.0,0.1
873,14,Bitter,29.5,250.0,0.1
873,14,Bitter,29.5,250.0,0.1
873,39,Bitter,29.5,250.0,0.1
873,39,Bitter,29.5,250.0,0.1
2375,14,Bitter,3.5,100.0,0.1
2690,14,Bitter,24.5,8.0,0.1
2690,39,Bitter,53.6,8.0,0.1
1613,8,Bitter,29.5,300.0,0.1
63,3122,Bitter,29.5,100.0,0.1
63,3126,Bitter,29.5,100.0,0.1
864,14,Bitter,29.5,125.0,0.1
864,14,Bitter,29.5,125.0,0.1
864,39,Bitter,29.5,500.0,0.1
864,39,Bitter,29.5,500.0,0.1
1336,3114,Bitter,29.5,10.0,0.1
875,14,Bitter,11.0,4.0,0.1
875,14,Bitter,11.0,4.0,0.1
875,39,Bitter,22.9,8.0,0.1
875,39,Bitter,22.9,8.0,0.1
2408,14,Bitter,0.896,100.0,0.1
1333,43,Bitter,29.5,30.0,0.1
1333,46,Bitter,29.5,300.0,0.1
1333,43,Bitter,50.6,30.0,0.1
1333,46,Bitter,29.5,300.0,0.1
1327,43,Bitter,50.6,100.0,0.1
1327,46,Bitter,29.5,100.0,0.1
898,14,Bitter,29.5,500.0,0.1
898,39,Bitter,29.5,250.0,0.1
898,14,Bitter,29.5,500.0,0.1
898,39,Bitter,29.5,250.0,0.1
2041,38,Bitter,290.0,100.0,0.1
2041,38,Bitter,290.0,50.0,0.1
224,3157,Bitter,29.5,100.0,0.1
2036,39,Bitter,29.5,500.0,0.1
2036,39,Bitter,29.5,500.0,0.1
2036,39,Bitter,29.5,500.0,0.1
895,14,Bitter,63.9,32.0,0.1
895,14,Bitter,63.9,32.0,0.1
895,39,Bitter,84.9,32.0,0.1
895,39,Bitter,84.9,32.0,0.1
644,14,Bitter,36.2,16.0,0.1
644,14,Bitter,36.2,16.0,0.1
644,14,Bitter,29.5,10.0,0.1
644,39,Bitter,32.9,8.0,0.1
644,39,Bitter,32.9,8.0,0.1
644,14,Bitter,36.2,16.0,0.1
644,14,Bitter,36.2,16.0,0.1
644,39,Bitter,32.9,8.0,0.1
644,39,Bitter,32.9,8.0,0.1
119,3211,Bitter,13.34,100.0,0.1
119,3076,Bitter,47.0,100.0,0.1
119,3210,Bitter,5.99,100.0,0.1
119,3091,Bitter,29.5,100.0,0.1
119,3038,Bitter,47.0,100.0,0.1
119,3038,Bitter,76.0,100.0,0.1
119,38,Bitter,2.3,100.0,0.1
119,38,Bitter,1.1,0.02,0.1
119,3206,Bitter,1.56,100.0,0.1
119,3213,Bitter,29.5,100.0,0.1
119,3216,Bitter,29.5,100.0,0.1
119,3173,Bitter,2.6,100.0,0.1
119,3173,Bitter,2.6,100.0,0.1
119,3145,Bitter,29.5,100.0,0.1
896,14,Bitter,59.2,32.0,0.1
896,39,Bitter,64.5,16.0,0.1
896,14,Bitter,59.2,32.0,0.1
896,39,Bitter,64.5,16.0,0.1
2183,14,Bitter,29.5,100.0,0.1
1627,14,Bitter,29.5,10.0,0.1
1637,14,Bitter,0.2,100.0,0.1
1656,14,Bitter,0.64,100.0,0.1
1699,14,Bitter,29.5,0.3,0.1
2605,7,Bitter,2.43,100.0,0.1
1693,14,Bitter,29.5,0.3,0.1
1617,13,Bitter,29.5,10000.0,0.1
1281,3091,Bitter,29.5,10000.0,0.1
1281,3004,Bitter,29.5,10000.0,0.1
971,14,Bitter,29.5,1000.0,0.1
971,40,Bitter,29.5,1000.0,0.1
971,43,Bitter,29.5,1000.0,0.1
971,44,Bitter,29.5,1000.0,0.1
59,3071,Bitter,29.5,3.7,0.1
59,2,Bitter,29.5,3.0,0.1
2397,3069,Bitter,3.4,3.1,0.1
2397,3071,Bitter,29.5,6.9,0.1
2397,3072,Bitter,29.5,21.0,0.1
1203,46,Bitter,29.5,3.0,0.1
1318,3088,Bitter,29.5,100000.0,0.1
1318,7,Bitter,10000.0,100000.0,0.1
1318,7,Bitter,10000.0,100.0,0.1
2611,5,Bitter,29.5,67.0,0.1
1646,14,Bitter,1.7,100.0,0.1
919,14,Bitter,29.5,250.0,0.1
919,14,Bitter,29.5,250.0,0.1
919,14,Bitter,29.5,250.0,0.1
1951,14,Bitter,29.5,100.0,0.1
1951,39,Bitter,29.5,100.0,0.1
1416,1,Bitter,29.5,300.0,0.1
1416,1,Bitter,29.5,300.0,0.1
1416,39,Bitter,29.5,1000.0,0.1
1416,39,Bitter,29.5,1000.0,0.1
674,3069,Bitter,29.5,690.0,0.1
674,3141,Bitter,29.5,5000.0,0.1
674,3002,Bitter,29.5,4000.0,0.1
674,3143,Bitter,29.5,5000.0,0.1
1677,14,Bitter,8.3,100.0,0.1
2394,14,Bitter,29.5,50.0,0.1
1355,5,Bitter,4.35,100.0,0.1
920,14,Bitter,378.0,250.0,0.1
920,14,Bitter,29.5,250.0,0.1
920,14,Bitter,29.5,250.0,0.1
920,39,Bitter,29.5,250.0,0.1
920,39,Bitter,29.5,250.0,0.1
920,39,Bitter,29.5,250.0,0.1
2371,14,Bitter,29.5,100.0,0.1
1642,14,Bitter,0.29,100.0,0.1
1235,14,Bitter,29.5,600.0,0.1
1235,4,Bitter,29.5,200.0,0.1
1688,14,Bitter,29.5,1.0,0.1
1665,14,Bitter,0.17,100.0,0.1
938,14,Bitter,29.5,5.0,0.1
2366,14,Bitter,0.42,100.0,0.1
915,14,Bitter,29.5,500.0,0.1
915,14,Bitter,29.5,500.0,0.1
915,14,Bitter,29.5,500.0,0.1
915,14,Bitter,29.5,500.0,0.1
915,39,Bitter,29.5,500.0,0.1
915,39,Bitter,29.5,500.0,0.1
915,39,Bitter,29.5,500.0,0.1
915,39,Bitter,29.5,500.0,0.1
705,1,Bitter,1249.0,650.0,0.1
705,39,Bitter,29.5,430.0,0.1
705,8,Bitter,534.0,430.0,0.1
1287,16,Bitter,29.5,15000.0,0.1
1204,46,Bitter,29.5,0.3,0.1
1206,46,Bitter,29.5,30.0,0.1
946,10,Bitter,29.5,30.0,0.1
946,14,Bitter,29.5,30.0,0.1
946,46,Bitter,29.5,30.0,0.1
1625,14,Bitter,29.5,20.0,0.1
1625,4,Bitter,29.5,50.0,0.1
1625,46,Bitter,29.5,20.0,0.1
1721,14,Bitter,29.5,3.0,0.1
937,14,Bitter,29.5,3.0,0.1
937,14,Bitter,29.5,3.0,0.1
92,3148,Bitter,29.5,3000.0,0.1
92,3156,Bitter,29.5,3000.0,0.1
92,3123,Bitter,29.5,3000.0,0.1
92,3068,Bitter,29.5,140.0,0.1
92,3069,Bitter,29.5,11100.0,0.1
92,3071,Bitter,29.5,3700.0,0.1
92,3140,Bitter,29.5,3000.0,0.1
92,3141,Bitter,29.5,3000.0,0.1
92,3119,Bitter,29.5,3000.0,0.1
92,3157,Bitter,29.5,100.0,0.1
92,3096,Bitter,29.5,10000.0,0.1
92,3097,Bitter,29.5,10000.0,0.1
92,3098,Bitter,29.5,10000.0,0.1
92,3139,Bitter,29.5,3000.0,0.1
92,3142,Bitter,29.5,3000.0,0.1
92,3100,Bitter,29.5,10000.0,0.1
92,3144,Bitter,29.5,9000.0,0.1
92,39,Bitter,29.5,3000.0,0.1
92,4,Bitter,1146.0,100.0,0.1
92,46,Bitter,1750.0,300.0,0.1
188,3120,Bitter,29.5,422000.0,0.1
188,38,Bitter,178000.0,100.0,0.1
2444,1,Bitter,7600.0,100.0,0.1
1359,5,Bitter,146.6,100.0,0.1
2142,46,Bitter,2.0,100.0,0.1
1668,14,Bitter,1.9,100.0,0.1
2334,16,Bitter,1200.0,10000.0,0.1
2337,16,Bitter,4900.0,100.0,0.1
2337,3194,Bitter,29.5,100.0,0.1
872,14,Bitter,29.5,125.0,0.1
872,14,Bitter,29.5,125.0,0.1
2410,14,Bitter,29.5,100.0,0.1
1626,14,Bitter,29.5,100.0,0.1
888,14,Bitter,29.5,250.0,0.1
888,14,Bitter,29.5,250.0,0.1
888,14,Bitter,29.5,250.0,0.1
888,39,Bitter,29.5,1.0,0.1
888,39,Bitter,29.5,1.0,0.1
888,39,Bitter,29.5,0.5,0.1
2390,14,Bitter,29.5,10.0,0.1
831,4,Bitter,29.5,300.0,0.1
1621,49,Bitter,29.5,100.0,0.1
1621,49,Bitter,50.72,100.0,0.1
1621,49,Bitter,29.5,10000.0,0.1
55,3120,Bitter,29.5,300.0,0.1
55,10,Bitter,29.5,300.0,0.1
55,14,Bitter,29.5,300.0,0.1
55,4,Bitter,29.5,300.0,0.1
55,46,Bitter,29.5,300.0,0.1
55,47,Bitter,29.5,300.0,0.1
107,3007,Bitter,29.5,300.0,0.1
2380,14,Bitter,0.64,100.0,0.1
1953,39,Bitter,2.79,100.0,0.1
874,14,Bitter,6.0,2.0,0.1
874,14,Bitter,6.0,2.0,0.1
874,14,Bitter,6.0,2.0,0.1
874,39,Bitter,7.3,0.5,0.1
874,39,Bitter,7.3,0.5,0.1
874,39,Bitter,7.3,0.5,0.1
934,14,Bitter,29.5,100.0,0.1
2579,4,Bitter,29.5,100.0,0.1
1681,14,Bitter,30.0,100.0,0.1
2372,14,Bitter,1.2,100.0,0.1
2290,14,Bitter,29.5,100.0,0.1
50,10,Bitter,6.3,0.01,0.1
50,10,Bitter,6.3,0.01,0.1
50,14,Bitter,29.5,100.0,0.1
50,14,Bitter,29.5,100.0,0.1
870,39,Bitter,29.5,500.0,0.1
870,39,Bitter,29.5,500.0,0.1
1350,5,Bitter,33.3,100.0,0.1
886,14,Bitter,29.5,8.0,0.1
886,14,Bitter,29.5,0.5,0.1
886,14,Bitter,29.5,8.0,0.1
886,14,Bitter,29.5,8.0,0.1
886,39,Bitter,29.5,0.5,0.1
886,39,Bitter,29.5,0.5,0.1
886,39,Bitter,29.5,0.5,0.1
118,38,Bitter,29.5,30.0,0.1
885,14,Bitter,29.5,125.0,0.1
885,14,Bitter,29.5,125.0,0.1
885,14,Bitter,29.5,125.0,0.1
885,39,Bitter,29.5,0.12,0.1
885,39,Bitter,29.5,0.12,0.1
1342,3141,Bitter,29.5,1000.0,0.1
1787,43,Bitter,29.5,100.0,0.1
1787,46,Bitter,29.5,100.0,0.1
1351,5,Bitter,1.39,100.0,0.1
829,1,Bitter,29.5,1000.0,0.1
829,4,Bitter,29.5,1000.0,0.1
925,14,Bitter,29.5,250.0,0.1
925,14,Bitter,29.5,250.0,0.1
925,39,Bitter,29.5,500.0,0.1
925,39,Bitter,29.5,500.0,0.1
45,10,Bitter,29.5,3.0,0.1
45,14,Bitter,29.5,3.0,0.1
45,4,Bitter,29.5,100.0,0.1
45,46,Bitter,29.5,10.0,0.1
45,47,Bitter,29.5,30.0,0.1
1645,14,Bitter,1.8,100.0,0.1
2415,14,Bitter,0.1715,100.0,0.1
869,39,Bitter,29.5,500.0,0.1
869,39,Bitter,29.5,500.0,0.1
866,14,Bitter,29.5,16.0,0.1
866,14,Bitter,29.5,16.0,0.1
866,39,Bitter,29.5,32.0,0.1
866,39,Bitter,29.5,32.0,0.1
2335,16,Bitter,29.5,10000.0,0.1
876,14,Bitter,35.0,8.0,0.1
876,14,Bitter,35.0,8.0,0.1
876,39,Bitter,40.3,8.0,0.1
876,39,Bitter,40.3,8.0,0.1
1557,1,Bitter,29.5,10000.0,0.1
1702,14,Bitter,29.5,3.0,0.1
1706,14,Bitter,29.5,0.3,0.1
936,14,Bitter,29.5,50.0,0.1
1636,14,Bitter,0.17,100.0,0.1
128,46,Bitter,29.5,10.0,0.1
941,14,Bitter,29.5,5.0,0.1
941,14,Bitter,29.5,1.0,0.1
68,1,Bitter,29.5,1000.0,0.1
68,39,Bitter,29.5,1000.0,0.1
114,3002,Bitter,29.5,300.0,0.1
114,3046,Bitter,29.5,300.0,0.1
114,3157,Bitter,29.5,100.0,0.1
114,3144,Bitter,29.5,900.0,0.1
114,38,Bitter,29.5,100.0,0.1
1353,5,Bitter,0.12,100.0,0.1
1362,5,Bitter,25.5,100.0,0.1
2275,16,Bitter,5.9,100.0,0.1
1663,14,Bitter,2.1,100.0,0.1
657,46,Bitter,29.5,3.0,0.1
2347,1,Bitter,24.89,100.0,0.1
2347,13,Bitter,18.97,100.0,0.1
82,1,Bitter,7.4,1.0,0.1
82,14,Bitter,9.4,1.0,0.1
82,1,Bitter,7.4,1.0,0.1
80,1,Bitter,10.6,1.0,0.1
80,14,Bitter,14.5,1.0,0.1
1952,14,Bitter,29.5,100.0,0.1
120,3121,Bitter,29.5,1000.0,0.1
120,3122,Bitter,29.5,1000.0,0.1
120,3123,Bitter,29.5,1000.0,0.1
120,3126,Bitter,29.5,1000.0,0.1
120,3119,Bitter,29.5,1000.0,0.1
120,3091,Bitter,29.5,1000.0,0.1
120,3002,Bitter,29.5,1000.0,0.1
120,3004,Bitter,29.5,1000.0,0.1
120,2,Bitter,29.5,3000.0,0.1
120,38,Bitter,2.2,30.0,0.1
120,38,Bitter,29.5,1000.0,0.1
120,38,Bitter,2.1,0.06,0.1
131,46,Bitter,29.5,100.0,0.1
348,14,Bitter,29.5,20.0,0.1
348,4,Bitter,29.5,50.0,0.1
348,46,Bitter,29.5,20.0,0.1
1674,14,Bitter,3.3,100.0,0.1
117,3126,Bitter,29.5,300.0,0.1
803,14,Bitter,29.5,16.0,0.1
803,14,Bitter,29.5,16.0,0.1
803,14,Bitter,29.5,16.0,0.1
1650,14,Bitter,3.7,100.0,0.1
1254,4,Bitter,30.0,10.0,0.1
1254,4,Bitter,29.5,500.0,0.1
1254,1,Bitter,29.5,100.0,0.1
1254,14,Bitter,29.5,100.0,0.1
1254,39,Bitter,29.5,300.0,0.1
1254,46,Bitter,29.5,100.0,0.1
1634,14,Bitter,0.19,100.0,0.1
1651,14,Bitter,0.58,100.0,0.1
2115,14,Bitter,66.65,100.0,0.1
2370,14,Bitter,0.67,100.0,0.1
54,41,Bitter,29.5,100.0,0.1
54,46,Bitter,29.5,300.0,0.1
54,3157,Bitter,29.5,100.0,0.1
54,3158,Bitter,29.5,100.0,0.1
54,1,Bitter,29.5,100.0,0.1
54,10,Bitter,69.1,30.0,0.1
54,14,Bitter,10.0,3.0,0.1
54,4,Bitter,29.5,30.0,0.1
54,44,Bitter,29.5,100.0,0.1
54,46,Bitter,29.5,1.0,0.1
54,8,Bitter,29.5,100.0,0.1
2289,14,Bitter,29.5,10.0,0.1
1290,16,Bitter,29.5,1500.0,0.1
2374,14,Bitter,0.098,100.0,0.1
111,3068,Bitter,29.5,11110.0,0.1
111,38,Bitter,968.0,300.0,0.1
2406,14,Bitter,29.5,100.0,0.1
2278,1,Bitter,6.1,3.0,0.1
2278,4,Bitter,29.5,3.0,0.1
2278,2105,Bitter,29.5,10.0,0.1
2278,2108,Bitter,29.5,10.0,0.1
2278,2123,Bitter,29.5,10.0,0.1
859,14,Bitter,29.5,8.0,0.1
859,14,Bitter,29.5,8.0,0.1
859,14,Bitter,29.5,3.0,0.1
859,14,Bitter,29.5,8.0,0.1
859,39,Bitter,29.5,1.0,0.1
859,39,Bitter,29.5,1.0,0.1
859,39,Bitter,29.5,1.0,0.1
859,43,Bitter,29.5,30.0,0.1
1202,46,Bitter,29.5,100.0,0.1
40,3109,Bitter,970.0,100.0,0.1
40,3112,Bitter,420.0,100.0,0.1
40,3110,Bitter,590.0,100.0,0.1
40,3111,Bitter,1110.0,100.0,0.1
865,14,Bitter,29.5,16.0,0.1
865,14,Bitter,29.5,16.0,0.1
865,14,Bitter,29.5,16.0,0.1
865,39,Bitter,29.5,125.0,0.1
865,39,Bitter,29.5,125.0,0.1
865,39,Bitter,29.5,125.0,0.1
2285,1,Bitter,29.5,1000.0,0.1
2285,14,Bitter,29.5,100.0,0.1
2285,39,Bitter,29.5,1000.0,0.1
2285,8,Bitter,29.5,100.0,0.1
2622,1,Bitter,0.7,0.1,0.1
2622,40,Bitter,0.2,0.002083,0.1
2382,14,Bitter,0.54,100.0,0.1
2193,39,Bitter,29.5,125.0,0.1
2193,39,Bitter,29.5,125.0,0.1
2193,39,Bitter,29.5,125.0,0.1
2357,14,Bitter,0.33,100.0,0.1
2389,14,Bitter,29.5,10.0,0.1
732,1,Bitter,29.5,3.0,0.1
732,14,Bitter,29.5,30.0,0.1
1329,43,Bitter,29.5,30.0,0.1
1329,46,Bitter,29.5,100.0,0.1
2586,1,Bitter,294.9,100.0,0.1
2586,39,Bitter,29.5,1000.0,0.1
2586,46,Bitter,39.42,100.0,0.1
2586,8,Bitter,29.5,1000.0,0.1
2107,14,Bitter,29.5,1700.0,0.1
1193,46,Bitter,29.5,100.0,0.1
2592,7,Bitter,29.5,30000.0,0.1
56,14,Bitter,29.5,100.0,0.1
56,3158,Bitter,29.5,100.0,0.1
1630,46,Bitter,29.5,100.0,0.1
1205,46,Bitter,29.5,30.0,0.1
38,10,Bitter,29.5,10.0,0.1
38,14,Bitter,29.5,10.0,0.1
38,39,Bitter,29.5,10.0,0.1
38,4,Bitter,29.5,10.0,0.1
38,40,Bitter,29.5,10.0,0.1
38,43,Bitter,29.5,10.0,0.1
38,44,Bitter,29.5,10.0,0.1
38,46,Bitter,29.5,10.0,0.1
38,7,Bitter,29.5,10.0,0.1
38,1,Bitter,29.5,100.0,0.1
38,16,Bitter,29.5,100.0,0.1
38,4,Bitter,29.5,1000.0,0.1
38,41,Bitter,29.5,100.0,0.1
38,7,Bitter,983.0,100.0,0.1
65,14,Bitter,0.2378,100.0,0.1
65,14,Bitter,29.5,300.0,0.1
65,14,Bitter,29.5,20.0,0.1
65,14,Bitter,0.43,100.0,0.1
65,14,Bitter,29.5,0.3,0.1
65,14,Bitter,29.5,300.0,0.1
65,3101,Bitter,29.5,30.0,0.1
2074,14,Bitter,1.5,0.3,0.1
88,14,Bitter,1.5,0.3,0.1
88,14,Bitter,1.5,0.3,0.1
1328,43,Bitter,29.5,100.0,0.1
1328,46,Bitter,29.5,30.0,0.1
1330,43,Bitter,29.5,10.0,0.1
1330,46,Bitter,29.5,100.0,0.1
914,14,Bitter,29.5,500.0,0.1
914,14,Bitter,29.5,500.0,0.1
2361,14,Bitter,0.3,100.0,0.1
2305,5,Bitter,29.5,100.0,0.1
2300,1,Bitter,0.7,0.1,0.1
2300,40,Bitter,0.2,0.03,0.1
2300,47,Bitter,29.5,100.0,0.1
2346,38,Bitter,8000.0,100.0,0.1
32,1,Bitter,3.0,0.1,0.1
32,1,Bitter,1.3,0.1,0.1
32,14,Bitter,1.3,3.0,0.1
815,14,Bitter,29.5,125.0,0.1
815,14,Bitter,70.0,125.0,0.1
815,39,Bitter,151.0,32.0,0.1
815,39,Bitter,21.3,32.0,0.1
815,2125,Bitter,29.5,100.0,0.1
815,14,Bitter,29.5,125.0,0.1
815,39,Bitter,151.0,32.0,0.1
923,14,Bitter,30.3,16.0,0.1
923,14,Bitter,30.3,16.0,0.1
923,39,Bitter,109.0,63.0,0.1
923,39,Bitter,109.0,63.0,0.1
923,2103,Bitter,29.5,30.0,0.1
923,2106,Bitter,29.5,30.0,0.1
923,2107,Bitter,29.5,30.0,0.1
923,2108,Bitter,29.5,30.0,0.1
923,2109,Bitter,29.5,30.0,0.1
923,2116,Bitter,29.5,30.0,0.1
923,2121,Bitter,29.5,30.0,0.1
923,2131,Bitter,29.5,30.0,0.1
923,2137,Bitter,29.5,30.0,0.1
923,2139,Bitter,29.5,30.0,0.1
923,3139,Bitter,29.5,10.0,0.1
923,1,Bitter,29.5,10.0,0.1
923,1,Bitter,29.5,10.0,0.1
923,14,Bitter,30.3,16.0,0.1
923,14,Bitter,30.3,16.0,0.1
923,39,Bitter,109.0,63.0,0.1
923,39,Bitter,109.0,63.0,0.1
1747,14,Bitter,29.5,10.0,0.1
2327,14,Bitter,10520.0,1000.0,0.1
2327,7,Bitter,25520.0,1000.0,0.1
830,4,Bitter,29.5,3000.0,0.1
907,14,Bitter,29.5,8.0,0.1
907,14,Bitter,29.5,8.0,0.1
907,39,Bitter,29.5,2.0,0.1
907,39,Bitter,29.5,2.0,0.1
1228,39,Bitter,29.5,300.0,0.1
1228,4,Bitter,190.0,300.0,0.1
948,14,Bitter,29.5,30.0,0.1
1704,14,Bitter,29.5,3.0,0.1
2293,14,Bitter,29.5,10.0,0.1
1201,46,Bitter,29.5,10.0,0.1
77,3109,Bitter,1760.0,100.0,0.1
77,3112,Bitter,2040.0,100.0,0.1
77,3110,Bitter,2010.0,100.0,0.1
77,3111,Bitter,1430.0,100.0,0.1
77,3067,Bitter,29.5,10.0,0.1
77,1,Bitter,29.5,500.0,0.1
77,7,Bitter,518.0,100.0,0.1
1331,43,Bitter,29.5,10.0,0.1
1331,46,Bitter,29.5,30.0,0.1
2053,49,Bitter,79.35,100.0,0.1
1249,5,Bitter,35.6,30.0,0.1
1249,5,Bitter,35.6,30.0,0.1
1161,5,Bitter,29.5,100.0,0.1
1680,14,Bitter,0.38,100.0,0.1
1615,8,Bitter,29.5,300.0,0.1
2192,14,Bitter,29.5,100.0,0.1
811,14,Bitter,2.1,1.0,0.1
811,14,Bitter,2.41,100.0,0.1
811,46,Bitter,4.5,10.0,0.1
811,46,Bitter,3.81,100.0,0.1
2646,1,Bitter,6100.0,100.0,0.1
1286,16,Bitter,1000.0,400.0,0.1
2045,14,Bitter,570.0,300.0,0.1
2045,39,Bitter,870.0,1000.0,0.1
2045,49,Bitter,530.0,300.0,0.1
1631,10,Bitter,29.5,100.0,0.1
1631,46,Bitter,29.5,100.0,0.1
2180,14,Bitter,29.5,10.0,0.1
2038,1,Bitter,29.5,100.0,0.1
2038,39,Bitter,29.5,100.0,0.1
2038,7,Bitter,29.5,100.0,0.1
2076,14,Bitter,29.5,560.0,0.1
2416,14,Bitter,0.1166,100.0,0.1
1364,5,Bitter,60.6,100.0,0.1
1782,1,Bitter,78.56,100.0,0.1
1782,13,Bitter,9.73,100.0,0.1
1782,14,Bitter,30.35,100.0,0.1
1782,8,Bitter,49.88,100.0,0.1
97,10,Bitter,29.5,30.0,0.1
97,10,Bitter,29.5,0.01,0.1
645,3195,Bitter,29.5,100.0,0.1
645,16,Bitter,29.5,10000.0,0.1
645,16,Bitter,1100.0,70.0,0.1
645,3194,Bitter,29.5,100.0,0.1
645,3183,Bitter,29.5,100.0,0.1
645,3169,Bitter,29.5,100.0,0.1
645,3184,Bitter,29.5,100.0,0.1
1288,16,Bitter,29.5,100.0,0.1
1289,16,Bitter,29.5,100.0,0.1
461,16,Bitter,1400.0,70.0,0.1
461,3102,Bitter,6200.0,40000.0,0.1
461,3191,Bitter,928.0,100.0,0.1
461,3190,Bitter,1003.0,100.0,0.1
461,3123,Bitter,29.5,10000.0,0.1
461,3091,Bitter,29.5,10000.0,0.1
461,3105,Bitter,29.5,40000.0,0.1
461,3195,Bitter,2300.0,100.0,0.1
461,3195,Bitter,2300.0,100.0,0.1
461,16,Bitter,480.0,100.0,0.1
461,16,Bitter,1700.0,10000.0,0.1
461,16,Bitter,486.0,100.0,0.1
461,16,Bitter,29.5,10000.0,0.1
461,16,Bitter,1500.0,40000.0,0.1
461,16,Bitter,1400.0,70.0,0.1
461,46,Bitter,29.5,50000.0,0.1
461,3198,Bitter,6800.0,2500.0,0.1
461,3103,Bitter,2800.0,40000.0,0.1
461,3129,Bitter,29.5,10000.0,0.1
461,3194,Bitter,1100.0,100.0,0.1
461,3194,Bitter,2100.0,1000.0,0.1
461,3194,Bitter,1100.0,100.0,0.1
461,3107,Bitter,1300.0,40000.0,0.1
461,3183,Bitter,7500.0,100.0,0.1
461,3183,Bitter,4182.0,100.0,0.1
461,3182,Bitter,734.0,100.0,0.1
461,3095,Bitter,380.0,40000.0,0.1
461,3097,Bitter,29.5,40000.0,0.1
461,3108,Bitter,29.5,40000.0,0.1
461,3188,Bitter,2479.0,100.0,0.1
461,3185,Bitter,2845.0,100.0,0.1
461,3189,Bitter,511.0,100.0,0.1
461,3197,Bitter,29.5,40000.0,0.1
461,3169,Bitter,1000.0,100.0,0.1
461,3169,Bitter,1000.0,100.0,0.1
461,3200,Bitter,29.5,10000.0,0.1
461,3204,Bitter,29.5,10000.0,0.1
461,3100,Bitter,29.5,40000.0,0.1
461,3184,Bitter,2300.0,100.0,0.1
461,3184,Bitter,2300.0,100.0,0.1
461,3196,Bitter,3800.0,100.0,0.1
461,3196,Bitter,3800.0,100.0,0.1
1695,14,Bitter,29.5,1.0,0.1
2405,14,Bitter,0.8461000000000001,100.0,0.1
968,3144,Bitter,29.5,0.9,0.1
968,10,Bitter,29.5,150.0,0.1
968,46,Bitter,29.5,150.0,0.1
908,14,Bitter,29.5,125.0,0.1
908,14,Bitter,29.5,125.0,0.1
908,39,Bitter,29.5,2.0,0.1
908,39,Bitter,29.5,2.0,0.1
2203,3088,Bitter,29.5,50000.0,0.1
1697,14,Bitter,29.5,0.3,0.1
1176,3068,Bitter,29.5,19.0,0.1
832,1,Bitter,29.5,300.0,0.1
832,39,Bitter,29.5,1000.0,0.1
832,4,Bitter,660.0,1000.0,0.1
2348,1,Bitter,29.5,300.0,0.1
1660,14,Bitter,0.27,100.0,0.1
2205,3088,Bitter,29.5,15000.0,0.1
1337,3114,Bitter,29.5,1.0,0.1
891,14,Bitter,29.5,1.0,0.1
891,14,Bitter,29.5,1.0,0.1
891,39,Bitter,29.5,0.5,0.1
891,39,Bitter,29.5,0.5,0.1
2373,14,Bitter,1.6,100.0,0.1
2411,14,Bitter,29.5,100.0,0.1
878,14,Bitter,21.1,8.0,0.1
878,14,Bitter,21.1,8.0,0.1
878,39,Bitter,35.3,4.0,0.1
878,39,Bitter,35.3,4.0,0.1
58,3157,Bitter,29.5,100.0,0.1
62,41,Bitter,29.5,100.0,0.1
62,7,Bitter,675.0,100.0,0.1
62,3157,Bitter,29.5,100.0,0.1
62,3158,Bitter,29.5,100.0,0.1
62,3096,Bitter,29.5,100.0,0.1
62,3145,Bitter,29.5,100.0,0.1
62,3146,Bitter,29.5,100.0,0.1
1703,14,Bitter,29.5,3.0,0.1
2376,14,Bitter,0.36,100.0,0.1
1635,14,Bitter,0.23,100.0,0.1
863,14,Bitter,29.5,250.0,0.1
863,14,Bitter,29.5,250.0,0.1
863,39,Bitter,29.5,500.0,0.1
863,39,Bitter,29.5,500.0,0.1
2369,14,Bitter,29.5,100.0,0.1
1239,4,Bitter,29.5,400.0,0.1
1690,14,Bitter,29.5,1.0,0.1
1687,14,Bitter,29.5,3.0,0.1
2054,49,Bitter,65.31,100.0,0.1
672,3119,Bitter,29.5,600.0,0.1
672,14,Bitter,29.5,600.0,0.1
2206,3088,Bitter,29.5,30000.0,0.1
2627,1,Bitter,29.5,1.0,0.1
2627,14,Bitter,29.5,3.0,0.1
2627,40,Bitter,29.5,3.0,0.1
76,1,Bitter,29.5,1.0,0.1
76,14,Bitter,29.5,3.0,0.1
76,40,Bitter,29.5,3.0,0.1
76,47,Bitter,29.5,100.0,0.1
1653,14,Bitter,0.78,100.0,0.1
2333,16,Bitter,29.5,10000.0,0.1
2351,14,Bitter,0.95,100.0,0.1
917,39,Bitter,29.5,500.0,0.1
917,39,Bitter,29.5,500.0,0.1
917,39,Bitter,29.5,500.0,0.1
1348,5,Bitter,24.9,100.0,0.1
2363,14,Bitter,0.64,100.0,0.1
1720,14,Bitter,29.5,3.0,0.1
2230,14,Bitter,29.5,500.0,0.1
1303,14,Bitter,29.5,30.0,0.1
1358,5,Bitter,36.0,100.0,0.1
1678,14,Bitter,3.1,100.0,0.1
809,14,Bitter,29.5,500.0,0.1
809,39,Bitter,29.5,250.0,0.1
809,14,Bitter,29.5,500.0,0.1
809,14,Bitter,29.5,500.0,0.1
809,39,Bitter,29.5,250.0,0.1
809,39,Bitter,29.5,250.0,0.1
813,14,Bitter,29.5,500.0,0.1
813,14,Bitter,29.5,500.0,0.1
813,39,Bitter,29.5,250.0,0.1
813,4,Bitter,29.5,2000.0,0.1
813,5,Bitter,29.5,1000.0,0.1
813,3119,Bitter,29.5,1000.0,0.1
813,14,Bitter,29.5,500.0,0.1
813,14,Bitter,29.5,500.0,0.1
813,39,Bitter,3210.0,1000.0,0.1
813,39,Bitter,29.5,250.0,0.1
813,39,Bitter,418.0,250.0,0.1
813,4,Bitter,30151.0,2000.0,0.1
813,4,Bitter,30151.0,2000.0,0.1
813,5,Bitter,3210.0,1000.0,0.1
813,5,Bitter,3210.0,1000.0,0.1
2412,14,Bitter,0.5151,100.0,0.1
1784,14,Bitter,70.0,50.0,0.1
1784,38,Bitter,29.5,50.0,0.1
1784,4,Bitter,41.0,100.0,0.1
1784,49,Bitter,58.0,200.0,0.1
89,1,Bitter,29.5,1000.0,0.1
89,1,Bitter,29.5,1000.0,0.1
89,10,Bitter,29.5,1000.0,0.1
89,10,Bitter,29.5,1000.0,0.1
89,14,Bitter,18.0,3.0,0.1
89,14,Bitter,18.0,3.0,0.1
89,46,Bitter,1.66,30.0,0.1
89,46,Bitter,1.66,30.0,0.1
89,47,Bitter,29.5,1000.0,0.1
89,47,Bitter,29.5,1000.0,0.1
89,3148,Bitter,29.5,1000.0,0.1
89,3149,Bitter,29.5,1000.0,0.1
89,3150,Bitter,29.5,1000.0,0.1
89,3151,Bitter,29.5,1000.0,0.1
89,3152,Bitter,29.5,1000.0,0.1
89,3156,Bitter,29.5,1000.0,0.1
89,3121,Bitter,510.0,1000.0,0.1
89,3122,Bitter,29.5,1000.0,0.1
89,3126,Bitter,425000.0,1000.0,0.1
89,3153,Bitter,29.5,1000.0,0.1
89,3154,Bitter,29.5,1000.0,0.1
89,3155,Bitter,29.5,1000.0,0.1
89,3084,Bitter,29.5,1000.0,0.1
89,3088,Bitter,29.5,1000.0,0.1
89,2,Bitter,29.5,1000.0,0.1
89,3157,Bitter,29.5,100.0,0.1
89,3200,Bitter,29.5,1000.0,0.1
1345,3088,Bitter,29.5,300.0,0.1
1345,2,Bitter,29.5,300.0,0.1
1345,3135,Bitter,29.5,300.0,0.1
1345,3138,Bitter,29.5,300.0,0.1
2364,14,Bitter,0.17,100.0,0.1
1194,46,Bitter,29.5,3.0,0.1
2377,14,Bitter,1.1,100.0,0.1
115,3007,Bitter,29.5,10000.0,0.1
2245,2,Bitter,29.5,1000.0,0.1
1705,14,Bitter,29.5,3.0,0.1
2028,1,Bitter,8.8,100.0,0.1
2028,13,Bitter,18.5,100.0,0.1
2028,14,Bitter,8.0,100.0,0.1
2028,16,Bitter,23.4,100.0,0.1
2028,3,Bitter,29.5,100.0,0.1
2028,38,Bitter,2.6,100.0,0.1
2028,41,Bitter,30.7,100.0,0.1
2028,42,Bitter,15.1,100.0,0.1
2028,46,Bitter,4.1,100.0,0.1
2028,5,Bitter,13.9,100.0,0.1
2028,8,Bitter,8.4,100.0,0.1
879,14,Bitter,67.3,16.0,0.1
879,14,Bitter,67.3,16.0,0.1
879,39,Bitter,141.0,16.0,0.1
879,39,Bitter,141.0,16.0,0.1
1189,46,Bitter,29.5,10.0,0.1
2645,14,Bitter,29.5,16.0,0.1
2635,7,Bitter,12.6,6.0,0.1
41,3121,Bitter,29.5,100.0,0.1
41,3122,Bitter,29.5,100.0,0.1
41,3126,Bitter,29.5,100.0,0.1
41,3144,Bitter,29.5,900.0,0.1
41,10,Bitter,29.5,100.0,0.1
41,14,Bitter,29.5,100.0,0.1
41,46,Bitter,9.9,1.0,0.1
41,47,Bitter,0.4,0.1,0.1
862,39,Bitter,29.5,500.0,0.1
862,39,Bitter,29.5,500.0,0.1
1317,1,Bitter,29.5,100.0,0.1
1317,14,Bitter,29.5,100.0,0.1
79,1,Bitter,9.0,0.3,0.1
79,1,Bitter,9.0,0.3,0.1
79,14,Bitter,11.2,1.0,0.1
83,1,Bitter,3.3,0.3,0.1
83,14,Bitter,2.6,0.3,0.1
83,14,Bitter,2.6,0.3,0.1
1207,46,Bitter,29.5,30.0,0.1
1338,3118,Bitter,29.5,300.0,0.1
1338,3120,Bitter,29.5,300.0,0.1
1338,1,Bitter,1.9,0.3,0.1
1338,14,Bitter,29.5,0.3,0.1
1338,4,Bitter,29.5,1.0,0.1
1338,46,Bitter,1.7,0.3,0.1
1338,3114,Bitter,29.5,300.0,0.1
1338,2108,Bitter,2.3,1.0,0.1
1338,2144,Bitter,29.5,3.0,0.1
1192,46,Bitter,29.5,1.0,0.1
1300,14,Bitter,29.5,300.0,0.1
1300,43,Bitter,29.5,100.0,0.1
1300,46,Bitter,29.5,1000.0,0.1
961,3114,Bitter,29.5,1.0,0.1
961,14,Bitter,29.5,1.0,0.1
961,46,Bitter,29.5,1.0,0.1
2326,1,Bitter,2.5,0.3,0.1
2186,14,Bitter,29.5,100.0,0.1
85,14,Bitter,13.0,0.3,0.1
85,1,Bitter,6.7,0.3,0.1
85,14,Bitter,9.0,1.0,0.1
84,1,Bitter,2.5,0.3,0.1
84,14,Bitter,2.8,1.0,0.1
1652,14,Bitter,0.73,100.0,0.1
1614,8,Bitter,29.5,300.0,0.1
2201,39,Bitter,29.5,21700.0,0.1
2201,39,Bitter,29.5,21700.0,0.1
2201,4,Bitter,29.5,10000.0,0.1
2201,4,Bitter,29.5,10000.0,0.1
827,1,Bitter,29.5,100.0,0.1
827,39,Bitter,29.5,100.0,0.1
827,4,Bitter,29.5,10000.0,0.1
827,43,Bitter,29.5,100.0,0.1
827,49,Bitter,29.5,100.0,0.1
2413,14,Bitter,0.3205,100.0,0.1
1247,39,Bitter,6.6,3.0,0.1
1247,5,Bitter,8.5,3.0,0.1
106,16,Bitter,29.5,10000.0,0.1
106,3103,Bitter,29.5,1000.0,0.1
106,3095,Bitter,29.5,1000.0,0.1
106,3097,Bitter,29.5,1000.0,0.1
106,16,Bitter,29.5,100.0,0.1
106,38,Bitter,29.5,100.0,0.1
641,3156,Bitter,29.5,10000.0,0.1
641,3141,Bitter,29.5,10000.0,0.1
641,3007,Bitter,29.5,10000.0,0.1
641,2,Bitter,29.5,3000.0,0.1
641,3143,Bitter,29.5,10000.0,0.1
641,3127,Bitter,29.5,10000.0,0.1
641,3139,Bitter,29.5,10000.0,0.1
641,3142,Bitter,29.5,10000.0,0.1
282,16,Bitter,29.5,10000.0,0.1
282,3102,Bitter,29.5,20000.0,0.1
282,3105,Bitter,29.5,20000.0,0.1
282,16,Bitter,29.5,20000.0,0.1
282,3198,Bitter,29.5,10000.0,0.1
282,3199,Bitter,29.5,10000.0,0.1
282,3103,Bitter,29.5,20000.0,0.1
282,3194,Bitter,29.5,5000.0,0.1
282,3107,Bitter,29.5,20000.0,0.1
282,3095,Bitter,29.5,20000.0,0.1
282,3108,Bitter,29.5,20000.0,0.1
100,3121,Bitter,29.5,30.0,0.1
100,3124,Bitter,29.5,30.0,0.1
100,3119,Bitter,29.5,30.0,0.1
100,1,Bitter,29.5,100.0,0.1
100,16,Bitter,29.5,100.0,0.1
100,46,Bitter,29.5,300.0,0.1
100,3095,Bitter,29.5,30.0,0.1
100,3096,Bitter,29.5,30.0,0.1
100,10,Bitter,29.3,3.0,0.1
100,46,Bitter,0.45,0.1,0.1
100,7,Bitter,29.5,100.0,0.1
2620,1,Bitter,29.5,650.0,0.1
2620,39,Bitter,590.0,430.0,0.1
2385,14,Bitter,1.4,100.0,0.1
1237,14,Bitter,29.5,400.0,0.1
1237,4,Bitter,29.5,400.0,0.1
2727,3218,Bitter,29.5,100.0,0.1
2393,14,Bitter,20.0,50.0,0.1
2393,4,Bitter,30.0,50.0,0.1
2393,49,Bitter,29.5,200.0,0.1
2299,16,Bitter,29.5,100.0,0.1
51,14,Bitter,29.5,100.0,0.1
51,43,Bitter,29.5,100.0,0.1
315,3119,Bitter,29.5,100.0,0.1
315,10,Bitter,20.6,100.0,0.1
315,10,Bitter,20.6,100.0,0.1
315,14,Bitter,10.8,100.0,0.1
315,14,Bitter,10.8,100.0,0.1
315,4,Bitter,1000.0,100.0,0.1
315,4,Bitter,1000.0,100.0,0.1
315,46,Bitter,29.5,100.0,0.1
315,46,Bitter,29.5,100.0,0.1
315,49,Bitter,12.0,100.0,0.1
315,49,Bitter,12.0,100.0,0.1
81,1,Bitter,2.2,1.0,0.1
81,14,Bitter,4.1,3.0,0.1
81,14,Bitter,2.2,1.0,0.1
1640,14,Bitter,0.19,100.0,0.1
2040,10,Bitter,10520.0,100.0,0.1
2040,10,Bitter,250.0,50.0,0.1
2387,1,Bitter,29.5,100.0,0.1
1714,14,Bitter,29.5,1.0,0.1
2204,3088,Bitter,29.5,10000.0,0.1
444,10,Bitter,29.5,3.0,0.1
444,14,Bitter,29.5,1.0,0.1
444,14,Bitter,29.5,1.0,0.1
444,14,Bitter,29.5,1.0,0.1
444,14,Bitter,29.5,0.3,0.1
444,14,Bitter,29.5,500.0,0.1
444,39,Bitter,29.5,3.0,0.1
444,39,Bitter,29.5,500.0,0.1
444,4,Bitter,29.5,1.0,0.1
444,40,Bitter,29.5,1.0,0.1
444,43,Bitter,29.5,1.0,0.1
444,44,Bitter,29.5,1.0,0.1
444,46,Bitter,29.5,3.0,0.1
444,7,Bitter,29.5,3.0,0.1
675,9,Bitter,29.5,20000.0,0.1
2277,1,Bitter,29.5,100.0,0.1
2277,14,Bitter,29.5,100.0,0.1
2277,39,Bitter,29.5,300.0,0.1
2277,4,Bitter,29.5,30.0,0.1
2277,46,Bitter,29.5,1000.0,0.1
2277,2105,Bitter,29.5,300.0,0.1
2277,2108,Bitter,29.5,100.0,0.1
2277,2117,Bitter,16.0,3.0,0.1
2277,2123,Bitter,29.5,30.0,0.1
2277,2126,Bitter,29.5,100.0,0.1
2277,2144,Bitter,29.5,100.0,0.1
352,8,Bitter,29.5,3000.0,0.1
2292,14,Bitter,29.5,10.0,0.1
2292,43,Bitter,2.92,10.0,0.1
924,14,Bitter,21.5,16.0,0.1
924,39,Bitter,48.0,16.0,0.1
924,14,Bitter,21.5,16.0,0.1
924,39,Bitter,48.0,16.0,0.1
2383,14,Bitter,0.75,100.0,0.1
1723,14,Bitter,29.5,3.0,0.1
953,3114,Bitter,29.5,3.0,0.1
953,3139,Bitter,29.5,100.0,0.1
953,46,Bitter,29.5,3.0,0.1
683,14,Bitter,29.5,100.0,0.1
962,10,Bitter,29.5,100.0,0.1
962,46,Bitter,29.5,100.0,0.1
2699,14,Bitter,29.5,300.0,0.1
2384,14,Bitter,0.3,100.0,0.1
1347,5,Bitter,29.5,100.0,0.1
1341,3119,Bitter,29.5,10.0,0.1
1341,3088,Bitter,29.5,30.0,0.1
1341,1001,Bitter,29.5,100.0,0.1
1341,1002,Bitter,29.5,100.0,0.1
1341,1007,Bitter,29.5,100.0,0.1
1341,3157,Bitter,29.5,100.0,0.1
1341,3158,Bitter,29.5,100.0,0.1
1686,14,Bitter,29.5,0.3,0.1
91,4,Bitter,29.5,100.0,0.1
91,46,Bitter,29.5,10.0,0.1
91,47,Bitter,55.55,100.0,0.1
2632,46,Bitter,29.5,10.0,0.1
2695,16,Bitter,29.5,10000.0,0.1
1670,14,Bitter,0.74,100.0,0.1
860,14,Bitter,29.5,63.0,0.1
860,14,Bitter,29.5,63.0,0.1
860,14,Bitter,29.5,63.0,0.1
860,39,Bitter,29.5,16.0,0.1
860,39,Bitter,29.5,16.0,0.1
634,1,Bitter,29.5,3.0,0.1
634,14,Bitter,29.5,30.0,0.1
545,1,Bitter,29.5,3.0,0.1
545,4,Bitter,29.5,3.0,0.1
545,2123,Bitter,29.5,10.0,0.1
1633,14,Bitter,0.25,100.0,0.1
1711,14,Bitter,29.5,3.0,0.1
2691,14,Bitter,29.5,500.0,0.1
1360,5,Bitter,7.48,100.0,0.1
931,3088,Bitter,29.5,1000.0,0.1
931,10,Bitter,29.5,1000.0,0.1
931,10,Bitter,29.5,1000.0,0.1
931,14,Bitter,29.5,1000.0,0.1
931,46,Bitter,29.5,1000.0,0.1
931,46,Bitter,29.5,1000.0,0.1
1748,14,Bitter,29.5,10.0,0.1
46,10,Bitter,29.5,300.0,0.1
46,14,Bitter,29.5,300.0,0.1
46,43,Bitter,29.5,300.0,0.1
46,46,Bitter,29.5,300.0,0.1
46,7,Bitter,29.5,300.0,0.1
46,3158,Bitter,29.5,100.0,0.1
1639,14,Bitter,0.2,100.0,0.1
121,3119,Bitter,29.5,3000.0,0.1
121,39,Bitter,29.5,3000.0,0.1
892,14,Bitter,61.4,32.0,0.1
892,39,Bitter,62.0,16.0,0.1
892,14,Bitter,61.4,32.0,0.1
892,39,Bitter,62.0,16.0,0.1
1675,14,Bitter,0.48,100.0,0.1
861,14,Bitter,29.5,500.0,0.1
861,14,Bitter,29.5,500.0,0.1
899,14,Bitter,56.1,8.0,0.1
899,39,Bitter,99.2,8.0,0.1
899,14,Bitter,56.1,8.0,0.1
899,39,Bitter,99.2,8.0,0.1
871,39,Bitter,29.5,500.0,0.1
871,39,Bitter,29.5,500.0,0.1
1689,14,Bitter,29.5,1.0,0.1
2419,3194,Bitter,29.5,100.0,0.1
110,3121,Bitter,29.5,300.0,0.1
110,3126,Bitter,29.5,300.0,0.1
955,10,Bitter,29.5,300.0,0.1
955,46,Bitter,29.5,300.0,0.1
1227,14,Bitter,15.8,100.0,0.1
1227,14,Bitter,15.8,100.0,0.1
2279,1,Bitter,0.9,0.3,0.1
2279,2105,Bitter,29.5,3.0,0.1
2709,46,Bitter,29.5,0.03,0.1
2418,1001,Bitter,29.5,100.0,0.1
60,3158,Bitter,29.5,100.0,0.1
60,3147,Bitter,29.5,100.0,0.1
1667,14,Bitter,1.5,100.0,0.1
967,10,Bitter,29.5,300.0,0.1
967,46,Bitter,29.5,300.0,0.1
567,3088,Bitter,29.5,30.0,0.1
567,14,Bitter,29.5,10.0,0.1
2338,1,Bitter,29.5,100.0,0.1
2338,14,Bitter,29.5,100.0,0.1
2338,39,Bitter,29.5,100.0,0.1
2338,8,Bitter,29.5,100.0,0.1
1655,14,Bitter,0.7000000000000001,100.0,0.1
1691,14,Bitter,29.5,3.0,0.1
2286,14,Bitter,29.5,10.0,0.1
1181,3088,Bitter,29.5,100000.0,0.1
1181,7,Bitter,29.5,30000.0,0.1
1181,7,Bitter,10000.0,100.0,0.1
800,14,Bitter,28.9,10.0,0.1
800,14,Bitter,28.9,4.0,0.1
800,14,Bitter,28.9,4.0,0.1
800,14,Bitter,28.9,4.0,0.1
800,14,Bitter,28.9,4.0,0.1
800,39,Bitter,49.4,8.0,0.1
800,39,Bitter,49.4,8.0,0.1
800,39,Bitter,49.4,8.0,0.1
800,39,Bitter,49.4,8.0,0.1
800,39,Bitter,49.4,8.0,0.1
905,14,Bitter,29.5,16.0,0.1
905,14,Bitter,29.5,16.0,0.1
2593,7,Bitter,4.44,100.0,0.1
1649,14,Bitter,0.19,100.0,0.1
1234,14,Bitter,536.0,600.0,0.1
1234,4,Bitter,341.0,200.0,0.1
1601,1,Bitter,4900.0,1500.0,0.1
1357,5,Bitter,12.1,100.0,0.1
2349,3071,Bitter,29.5,100.0,0.1
2349,3079,Bitter,29.5,100.0,0.1
2349,3072,Bitter,29.5,100.0,0.1
2349,13,Bitter,29.5,10000.0,0.1
99,3140,Bitter,29.5,300.0,0.1
99,1,Bitter,29.5,100.0,0.1
99,3157,Bitter,29.5,100.0,0.1
99,3139,Bitter,29.5,300.0,0.1
99,3144,Bitter,29.5,900.0,0.1
99,10,Bitter,29.5,300.0,0.1
1682,14,Bitter,1.1,100.0,0.1
810,14,Bitter,29.5,50.0,0.1
810,14,Bitter,0.33,100.0,0.1
810,46,Bitter,29.5,20.0,0.1
810,46,Bitter,4.53,100.0,0.1
1294,46,Bitter,16.6,1.0,0.1
1294,14,Bitter,29.5,30.0,0.1
1294,43,Bitter,0.46,0.1,0.1
1294,46,Bitter,0.35,0.03,0.1
74,1,Bitter,0.7,0.1,0.1
74,1,Bitter,0.7,0.1,0.1
74,40,Bitter,0.2,0.0020833333333333,0.1
74,40,Bitter,0.2,0.03,0.1
74,47,Bitter,29.5,100.0,0.1
1684,14,Bitter,12.0,100.0,0.1
1679,14,Bitter,4.4,100.0,0.1
897,14,Bitter,39.1,8.0,0.1
897,14,Bitter,39.1,8.0,0.1
897,14,Bitter,39.1,8.0,0.1
897,39,Bitter,48.9,4.0,0.1
897,39,Bitter,48.9,4.0,0.1
897,39,Bitter,48.9,4.0,0.1
90,3121,Bitter,29.5,300.0,0.1
90,3068,Bitter,29.5,25.0,0.1
90,3157,Bitter,29.5,100.0,0.1
90,10,Bitter,29.5,100.0,0.1
90,10,Bitter,29.5,100.0,0.1
90,14,Bitter,17.12,3.0,0.1
90,14,Bitter,17.12,3.0,0.1
1425,1,Bitter,29.5,300.0,0.1
1425,39,Bitter,29.5,1000.0,0.1
43,10,Bitter,29.5,100.0,0.1
43,14,Bitter,29.5,100.0,0.1
43,43,Bitter,29.5,3.0,0.1
43,46,Bitter,29.5,3.0,0.1
1180,3088,Bitter,29.5,30000.0,0.1
1180,7,Bitter,29.5,100.0,0.1
1654,14,Bitter,7.2,100.0,0.1
2182,14,Bitter,29.5,100.0,0.1
539,14,Bitter,32.0,10.0,0.1
1659,14,Bitter,0.59,100.0,0.1
910,14,Bitter,29.5,250.0,0.1
910,39,Bitter,187.0,32.0,0.1
952,3038,Bitter,29.5,200.0,0.1
952,38,Bitter,29.5,200.0,0.1
909,14,Bitter,30.2,16.0,0.1
909,14,Bitter,30.2,16.0,0.1
909,39,Bitter,41.3,8.0,0.1
909,39,Bitter,41.3,8.0,0.1
78,3091,Bitter,29.5,3000.0,0.1
868,3068,Bitter,29.5,0.82,0.1
868,3075,Bitter,29.5,22.0,0.1
868,14,Bitter,20.5,8.0,0.1
868,14,Bitter,20.5,8.0,0.1
868,39,Bitter,45.9,8.0,0.1
868,39,Bitter,45.9,8.0,0.1
868,41,Bitter,29.5,100.0,0.1
1710,14,Bitter,29.5,1.0,0.1
2352,14,Bitter,0.93,100.0,0.1
1694,14,Bitter,29.5,1.0,0.1
407,3095,Bitter,29.5,1000.0,0.1
1643,14,Bitter,2.0,100.0,0.1
1269,14,Bitter,29.5,100.0,0.1
1269,43,Bitter,14.9,10.0,0.1
1269,46,Bitter,29.5,100.0,0.1
1269,46,Bitter,8.85,1.0,0.1
2409,14,Bitter,0.9553,100.0,0.1
36,1,Bitter,1.4,0.1,0.1
36,40,Bitter,29.5,30.0,0.1
36,40,Bitter,0.4,0.1,0.1
36,47,Bitter,29.5,100.0,0.1
36,1,Bitter,1.4,0.1,0.1
36,1,Bitter,1.4,0.1,0.1
36,14,Bitter,29.5,0.01,0.1
36,14,Bitter,29.5,0.01,0.1
36,40,Bitter,0.4,0.01,0.1
36,40,Bitter,0.4,0.01,0.1
2358,14,Bitter,0.19,100.0,0.1
1618,39,Bitter,29.5,10000.0,0.1
1717,14,Bitter,29.5,3.0,0.1
2624,46,Bitter,45.6,10.0,0.1
1191,46,Bitter,29.5,3.0,0.1
94,3102,Bitter,29.5,3000.0,0.1
94,3148,Bitter,29.5,10000.0,0.1
94,3151,Bitter,29.5,10000.0,0.1
94,3123,Bitter,44.0,3000.0,0.1
94,3071,Bitter,29.5,100.0,0.1
94,3140,Bitter,29.5,3000.0,0.1
94,3141,Bitter,29.5,3000.0,0.1
94,3117,Bitter,29.5,3000.0,0.1
94,3119,Bitter,29.5,3000.0,0.1
94,3084,Bitter,29.5,3000.0,0.1
94,3085,Bitter,29.5,3000.0,0.1
94,3087,Bitter,29.5,3000.0,0.1
94,3087,Bitter,29.5,10000.0,0.1
94,3091,Bitter,29.5,3000.0,0.1
94,3088,Bitter,29.5,3000.0,0.1
94,3088,Bitter,29.5,300.0,0.1
94,3002,Bitter,29.5,5000.0,0.1
94,3143,Bitter,29.5,3000.0,0.1
94,3113,Bitter,29.5,3000.0,0.1
94,3094,Bitter,29.5,3000.0,0.1
94,3095,Bitter,29.5,3000.0,0.1
94,3096,Bitter,29.5,3000.0,0.1
94,3097,Bitter,29.5,3000.0,0.1
94,3127,Bitter,29.5,3000.0,0.1
94,3139,Bitter,29.5,3000.0,0.1
94,3142,Bitter,29.5,3000.0,0.1
94,3100,Bitter,29.5,3000.0,0.1
94,3144,Bitter,29.5,3000.0,0.1
94,3145,Bitter,29.5,100.0,0.1
94,3147,Bitter,29.5,100.0,0.1
1696,14,Bitter,29.5,0.3,0.1
973,2,Bitter,29.5,30.0,0.1
2288,14,Bitter,29.5,100.0,0.1
977,1,Bitter,29.5,100.0,0.1
977,14,Bitter,29.5,300.0,0.1
977,39,Bitter,29.5,300.0,0.1
977,4,Bitter,29.5,100.0,0.1
977,46,Bitter,29.5,1000.0,0.1
977,3114,Bitter,29.5,300.0,0.1
977,2108,Bitter,29.5,100.0,0.1
977,2117,Bitter,37.4,30.0,0.1
977,2123,Bitter,29.5,100.0,0.1
977,2144,Bitter,29.5,100.0,0.1
977,4,Bitter,29.5,300.0,0.1
122,3085,Bitter,29.5,10000.0,0.1
122,3002,Bitter,29.5,10000.0,0.1
122,43,Bitter,10000.0,3100.0,0.1
122,44,Bitter,2500.0,250.0,0.1
881,14,Bitter,10.0,2.0,0.1
881,14,Bitter,10.0,2.0,0.1
881,39,Bitter,41.6,16.0,0.1
881,39,Bitter,41.6,16.0,0.1
1335,3114,Bitter,29.5,1.0,0.1
2604,16,Bitter,29.5,4500.0,0.1
2417,14,Bitter,29.5,100.0,0.1
1644,14,Bitter,0.31,100.0,0.1
87,3121,Bitter,29.5,1000.0,0.1
87,3117,Bitter,29.5,10000.0,0.1
87,3119,Bitter,29.5,10000.0,0.1
87,3084,Bitter,29.5,10000.0,0.1
87,3087,Bitter,29.5,10000.0,0.1
87,3088,Bitter,29.5,3000.0,0.1
87,16,Bitter,29.5,100.0,0.1
87,3,Bitter,29.5,10000.0,0.1
87,7,Bitter,29.5,10000.0,0.1
87,3113,Bitter,29.5,10000.0,0.1
87,3145,Bitter,29.5,100.0,0.1
935,14,Bitter,29.5,12.3,0.1
69,3123,Bitter,29.5,1000.0,0.1
69,3126,Bitter,29.5,1000.0,0.1
69,3119,Bitter,29.5,1000.0,0.1
69,3084,Bitter,29.5,1000.0,0.1
69,3084,Bitter,29.5,1000.0,0.1
69,3087,Bitter,29.5,1000.0,0.1
69,3091,Bitter,29.5,1000.0,0.1
69,3088,Bitter,29.5,1000.0,0.1
69,3004,Bitter,29.5,1000.0,0.1
69,3046,Bitter,29.5,1000.0,0.1
69,1,Bitter,29.5,1000.0,0.1
69,41,Bitter,29.5,1000.0,0.1
69,8,Bitter,41.0,100.0,0.1
69,8,Bitter,29.5,1000.0,0.1
69,8,Bitter,29.5,1000.0,0.1
69,3103,Bitter,29.5,1000.0,0.1
69,3129,Bitter,29.5,1000.0,0.1
69,3157,Bitter,29.5,100.0,0.1
69,3158,Bitter,29.5,100.0,0.1
69,3095,Bitter,29.5,1000.0,0.1
69,3097,Bitter,29.5,1000.0,0.1
69,3145,Bitter,29.5,100.0,0.1
69,1,Bitter,29.5,100.0,0.1
69,10,Bitter,29.5,100.0,0.1
69,39,Bitter,29.5,1000.0,0.1
69,41,Bitter,29.5,500.0,0.1
69,43,Bitter,29.5,100.0,0.1
69,46,Bitter,29.5,10.0,0.1
69,8,Bitter,555.0,30.0,0.1
2705,16,Bitter,29.5,1000.0,0.1
2110,14,Bitter,151.17,133.0,0.1
808,14,Bitter,29.5,250.0,0.1
808,14,Bitter,29.5,250.0,0.1
808,39,Bitter,8.5,32.0,0.1
808,39,Bitter,8.5,32.0,0.1
808,4,Bitter,29.5,100.0,0.1
808,4,Bitter,29.5,100.0,0.1
808,4,Bitter,29.5,100.0,0.1
808,43,Bitter,16.72,100.0,0.1
808,43,Bitter,16.72,100.0,0.1
808,43,Bitter,16.72,100.0,0.1
808,47,Bitter,29.5,100.0,0.1
808,47,Bitter,29.5,100.0,0.1
808,47,Bitter,29.5,100.0,0.1
808,5,Bitter,12.3,100.0,0.1
808,5,Bitter,12.3,100.0,0.1
808,5,Bitter,12.3,100.0,0.1
808,3120,Bitter,29.5,10.0,0.1
808,14,Bitter,29.5,250.0,0.1
808,14,Bitter,29.5,250.0,0.1
808,14,Bitter,34.0,250.0,0.1
808,39,Bitter,161.0,32.0,0.1
808,39,Bitter,161.0,32.0,0.1
808,39,Bitter,8.5,32.0,0.1
808,43,Bitter,16.72,100.0,0.1
808,5,Bitter,12.3,100.0,0.1
808,2125,Bitter,29.5,100.0,0.1
1556,1,Bitter,7400.0,1500.0,0.1
1556,1,Bitter,29.5,10000.0,0.1
1556,1,Bitter,29.5,10000.0,0.1
1556,39,Bitter,29.5,10000.0,0.1
1556,39,Bitter,29.5,10000.0,0.1
1556,4,Bitter,29.5,10000.0,0.1
1556,4,Bitter,29.5,10000.0,0.1
918,14,Bitter,29.5,32.0,0.1
918,14,Bitter,29.5,32.0,0.1
918,14,Bitter,29.5,32.0,0.1
918,39,Bitter,315.0,250.0,0.1
918,39,Bitter,315.0,250.0,0.1
918,39,Bitter,315.0,250.0,0.1
1622,10,Bitter,29.5,3.0,0.1
1622,14,Bitter,29.5,500.0,0.1
1622,4,Bitter,29.5,500.0,0.1
1622,46,Bitter,29.5,20.0,0.1
1648,14,Bitter,0.19,100.0,0.1
2345,38,Bitter,3000.0,100.0,0.1
2414,14,Bitter,0.5043,100.0,0.1
913,14,Bitter,29.5,63.0,0.1
913,14,Bitter,29.5,63.0,0.1
913,14,Bitter,29.5,63.0,0.1
913,39,Bitter,29.5,500.0,0.1
913,39,Bitter,29.5,500.0,0.1
913,39,Bitter,29.5,500.0,0.1
2404,14,Bitter,0.1175,100.0,0.1
940,14,Bitter,29.5,100.0,0.1
1701,14,Bitter,29.5,0.3,0.1
67,3117,Bitter,29.5,10000.0,0.1
67,3120,Bitter,29.5,10000.0,0.1
67,14,Bitter,29.5,300.0,0.1
67,14,Bitter,29.5,300.0,0.1
67,16,Bitter,29.5,3000.0,0.1
67,16,Bitter,29.5,3000.0,0.1
67,3113,Bitter,29.5,10000.0,0.1
67,3095,Bitter,29.5,10000.0,0.1
1623,10,Bitter,29.5,50.0,0.1
1623,46,Bitter,29.5,20.0,0.1
2052,14,Bitter,29.5,100.0,0.1
1356,5,Bitter,11.1,100.0,0.1
2407,14,Bitter,0.516,100.0,0.1
1188,46,Bitter,29.5,3.0,0.1
2086,39,Bitter,9.11,100.0,0.1
2086,5,Bitter,6.29,100.0,0.1
2610,39,Bitter,9.11,100.0,0.1
2610,5,Bitter,6.29,67.0,0.1
2610,7,Bitter,123.95,67.0,0.1
2085,5,Bitter,119.34,100.0,0.1
2085,7,Bitter,123.95,100.0,0.1
2272,5,Bitter,29.5,100.0,0.1
1361,5,Bitter,4.05,100.0,0.1
1285,16,Bitter,29.5,4000.0,0.1
1285,16,Bitter,29.5,4000.0,0.1
882,10,Bitter,29.5,0.3,0.1
882,14,Bitter,29.5,0.3,0.1
882,39,Bitter,29.5,1.0,0.1
882,39,Bitter,29.5,3.0,0.1
882,39,Bitter,29.5,1.0,0.1
882,4,Bitter,29.5,3.0,0.1
882,40,Bitter,29.5,0.3,0.1
882,43,Bitter,29.5,0.3,0.1
882,44,Bitter,29.5,1.0,0.1
882,46,Bitter,29.5,1.0,0.1
882,7,Bitter,29.5,0.3,0.1
1666,14,Bitter,1.3,100.0,0.1
465,3119,Bitter,29.5,100.0,0.1
465,46,Bitter,29.5,300.0,0.1
465,10,Bitter,29.5,100.0,0.1
465,10,Bitter,29.5,100.0,0.1
465,10,Bitter,29.5,100.0,0.1
465,14,Bitter,9.03,100.0,0.1
465,14,Bitter,9.03,100.0,0.1
465,14,Bitter,9.03,100.0,0.1
465,46,Bitter,29.5,100.0,0.1
465,46,Bitter,29.5,100.0,0.1
465,46,Bitter,29.5,100.0,0.1
1196,46,Bitter,29.5,3.0,0.1
1628,14,Bitter,29.5,3.0,0.1
1628,41,Bitter,29.5,100.0,0.1
1628,46,Bitter,29.5,100.0,0.1
814,14,Bitter,29.5,100.0,0.1
814,39,Bitter,29.5,500.0,0.1
814,39,Bitter,395.5,500.0,0.1
814,39,Bitter,29.5,500.0,0.1
2342,38,Bitter,4000.0,100.0,0.1
53,3119,Bitter,29.5,30.0,0.1
53,10,Bitter,23.5,10.0,0.1
53,14,Bitter,29.5,10.0,0.1
53,16,Bitter,29.5,100.0,0.1
53,7,Bitter,29.5,10.0,0.1
2354,14,Bitter,29.5,100.0,0.1
102,16,Bitter,20000.0,2300.0,0.1
102,3137,Bitter,29.5,10000.0,0.1
102,3200,Bitter,29.5,10000.0,0.1
102,3204,Bitter,29.5,10000.0,0.1
102,16,Bitter,29.5,3200.0,0.1
101,3140,Bitter,29.5,300.0,0.1
101,3139,Bitter,29.5,300.0,0.1
1632,46,Bitter,29.5,10.0,0.1
2379,14,Bitter,0.072,100.0,0.1
867,14,Bitter,29.5,125.0,0.1
867,14,Bitter,29.5,125.0,0.1
2696,1,Bitter,7300.0,1200.0,0.1
1343,3140,Bitter,29.5,300.0,0.1
1343,3139,Bitter,29.5,300.0,0.1
1788,43,Bitter,3.9,3.0,0.1
1788,46,Bitter,11.9,10.0,0.1
749,14,Bitter,29.5,1000.0,0.1
2398,3074,Bitter,2.4,0.69,0.1
806,38,Bitter,29.5,100.0,0.1
806,46,Bitter,29.5,10.0,0.1
806,46,Bitter,29.5,10.0,0.1
972,1,Bitter,29.5,1000.0,0.1
972,14,Bitter,29.5,1000.0,0.1
972,39,Bitter,29.5,1000.0,0.1
1664,14,Bitter,0.15,100.0,0.1
1939,7,Bitter,12.6,6.0,0.1
2344,38,Bitter,12000.0,100.0,0.1
1707,14,Bitter,29.5,3.0,0.1
124,43,Bitter,29.5,100.0,0.1
124,46,Bitter,29.5,1.0,0.1
954,14,Bitter,29.5,1000.0,0.1
1629,46,Bitter,29.5,30.0,0.1
1629,50,Bitter,29.5,10.0,0.1
1698,14,Bitter,29.5,0.3,0.1
2368,14,Bitter,0.38,100.0,0.1
75,1,Bitter,29.5,3.0,0.1
75,1,Bitter,29.5,3.0,0.1
75,14,Bitter,29.5,3.0,0.1
75,14,Bitter,29.5,3.0,0.1
75,40,Bitter,29.5,10.0,0.1
75,40,Bitter,29.5,10.0,0.1
75,47,Bitter,29.5,100.0,0.1
2224,14,Bitter,29.5,63.0,0.1
2224,39,Bitter,29.5,32.0,0.1
976,10,Bitter,29.5,300.0,0.1
976,14,Bitter,29.5,300.0,0.1
976,46,Bitter,29.5,300.0,0.1
1657,14,Bitter,6.0,100.0,0.1
1673,14,Bitter,11.0,100.0,0.1
98,3147,Bitter,29.5,100.0,0.1
2033,14,Bitter,29.5,63.0,0.1
2033,39,Bitter,29.5,32.0,0.1
2112,14,Bitter,155.64,133.0,0.1
2112,47,Bitter,82.39,133.0,0.1
2356,14,Bitter,1.8,100.0,0.1
2378,14,Bitter,0.16,100.0,0.1
883,39,Bitter,388.0,250.0,0.1
883,39,Bitter,388.0,250.0,0.1
1972,14,Bitter,29.5,300.0,0.1
1241,14,Bitter,29.5,400.0,0.1
1241,4,Bitter,29.5,50.0,0.1
887,14,Bitter,29.5,8.0,0.1
887,14,Bitter,29.5,8.0,0.1
887,39,Bitter,29.5,2.0,0.1
887,39,Bitter,29.5,2.0,0.1
1363,5,Bitter,5.08,100.0,0.1
722,14,Bitter,29.5,100.0,0.1
1700,14,Bitter,29.5,0.3,0.1
816,39,Bitter,29.5,500.0,0.1
816,39,Bitter,29.5,500.0,0.1
816,39,Bitter,29.5,500.0,0.1
884,14,Bitter,29.5,125.0,0.1
884,14,Bitter,29.5,125.0,0.1
884,39,Bitter,29.5,125.0,0.1
884,39,Bitter,29.5,125.0,0.1
1620,3081,Bitter,217.0,100.0,0.1
1620,3043,Bitter,217.0,1000.0,0.1
1620,1,Bitter,29.5,100.0,0.1
1620,16,Bitter,29.5,100.0,0.1
1620,41,Bitter,29.5,100.0,0.1
1620,43,Bitter,1206.0,1000.0,0.1
1620,47,Bitter,29.5,300.0,0.1
514,10,Bitter,29.5,100.0,0.1
514,14,Bitter,29.5,100.0,0.1
514,43,Bitter,29.5,100.0,0.1
514,46,Bitter,29.5,100.0,0.1
514,7,Bitter,29.5,100.0,0.1
1638,14,Bitter,0.2,100.0,0.1
1713,14,Bitter,29.5,0.3,0.1
1295,46,Bitter,29.5,100.0,0.1
2181,14,Bitter,29.5,100.0,0.1
2181,43,Bitter,29.5,10.0,0.1
2181,46,Bitter,29.5,30.0,0.1
1751,14,Bitter,29.5,1000.0,0.1
1611,1,Bitter,168.8,200.0,0.1
1611,14,Bitter,108.3,200.0,0.1
1611,8,Bitter,57.3,200.0,0.1
2612,5,Bitter,40.43,67.0,0.1
2612,7,Bitter,3.95,67.0,0.1
2360,14,Bitter,2.1,100.0,0.1
2654,16,Bitter,29.5,1000.0,0.1
2639,14,Bitter,29.5,8.0,0.1
2639,39,Bitter,29.5,2.0,0.1
108,38,Bitter,29.5,10.0,0.1
893,14,Bitter,29.5,32.0,0.1
893,14,Bitter,29.5,32.0,0.1
48,1,Bitter,29.5,100.0,0.1
48,10,Bitter,29.5,100.0,0.1
48,14,Bitter,29.5,100.0,0.1
48,46,Bitter,29.5,10.0,0.1
48,47,Bitter,29.5,100.0,0.1
44,3069,Bitter,37.0,31.0,0.1
44,3071,Bitter,190.0,39.0,0.1
801,14,Bitter,29.5,500.0,0.1
801,14,Bitter,29.5,500.0,0.1
801,14,Bitter,29.5,500.0,0.1
801,14,Bitter,29.5,500.0,0.1
801,39,Bitter,29.5,500.0,0.1
801,39,Bitter,29.5,500.0,0.1
801,39,Bitter,29.5,500.0,0.1
801,39,Bitter,29.5,500.0,0.1
1284,46,Bitter,29.5,300.0,0.1
127,46,Bitter,29.5,3.0,0.1
2403,14,Bitter,0.9934,100.0,0.1
2039,14,Bitter,10520.0,100.0,0.1
2039,7,Bitter,25520.0,100.0,0.1
2336,16,Bitter,29.5,10000.0,0.1
889,14,Bitter,29.5,250.0,0.1
889,14,Bitter,29.5,250.0,0.1
889,39,Bitter,29.5,2.0,0.1
889,39,Bitter,29.5,2.0,0.1
2341,38,Bitter,11000.0,100.0,0.1
880,14,Bitter,29.5,250.0,0.1
880,14,Bitter,29.5,250.0,0.1
1641,14,Bitter,0.08,100.0,0.1
49,3102,Bitter,29.5,300.0,0.1
49,3120,Bitter,29.5,300.0,0.1
49,3087,Bitter,29.5,1000.0,0.1
49,3088,Bitter,29.5,1000.0,0.1
49,10,Bitter,29.5,300.0,0.1
49,14,Bitter,29.5,300.0,0.1
49,3158,Bitter,29.5,100.0,0.1
824,14,Bitter,358.0,250.0,0.1
824,14,Bitter,29.5,250.0,0.1
824,14,Bitter,29.5,250.0,0.1
824,39,Bitter,29.5,250.0,0.1
824,39,Bitter,29.5,250.0,0.1
824,39,Bitter,29.5,250.0,0.1
61,7,Bitter,634.0,100.0,0.1
